-- Otomatik üretildi: generate_tables_from_counter.py
-- Tarih: 2026-03-09 22:42:04.000 +0300
-- flow_id: 164
-- Yeni tablo sayısı: 9

-- ═══════════════════════════════════════════════════
-- peak_report12
-- ═══════════════════════════════════════════════════

-- t_all_table
INSERT INTO t_all_table (id, flow_id, db_catalog, schema_name, table_name, tablespace_name, table_name_alias, table_name_lookup, table_description, object_key, object_key2, object_type, element_type, node_type, item_type, table_type, sub_table_type, network_type, sub_network_type, data_type, data_interval, time_period, time_delay, need_refresh, is_generated, is_failed, is_active, created_time, created_by, updated_time, updated_by, extra_info, flow_code) VALUES (46, 164, NULL, 'pm', 't00164n000002', NULL, 't164n2', NULL, NULL, 'peak_report12', NULL, NULL, NULL, NULL, NULL, NULL, NULL, NULL, NULL, NULL, 1, 1, NULL, false, true, false, true, '2026-03-09 22:42:04.000 +0300', NULL, '2026-03-09 22:42:04.000 +0300', NULL, NULL, NULL);

-- t_parse_table
INSERT INTO t_parse_table (id, flow_id, all_table_id, schema_name, table_name, object_key, object_type, element_type, node_type, item_type, table_type, sub_table_type, network_type, sub_network_type, group_type, data_type, data_source, table_group, data_group, date_column_index, date_column_name, result_file_delimiter, loader_target, is_active, created_time, created_by, updated_time, updated_by, extra_info, flow_code, measurement_key, object_id, object_id_lookup, object_key_lookup, sub_element_type, sub_item_type) VALUES (69, 164, 46, 'pm', 't00164n000002', 'peak_report12', NULL, NULL, NULL, NULL, NULL, NULL, NULL, NULL, NULL, NULL, NULL, NULL, NULL, 1, 'fragment_date', '|', NULL, true, '2026-03-09 22:42:04.000 +0300', NULL, '2026-03-09 22:42:04.000 +0300', NULL, NULL, NULL, NULL, NULL, NULL, NULL, NULL, NULL);

-- t_all_column
INSERT INTO t_all_column (id, flow_id, all_table_id, schema_name, table_name, column_name, object_key, object_key2, column_name_lookup, column_description, column_order_id, column_type, column_formula, column_length, model_type, is_column_gen, column_gen_formula, is_column_agg, column_agg_formula, need_refresh, is_generated, is_failed, is_active, created_time, created_by, updated_time, updated_by, extra_info, flow_code) VALUES
  (807, 164, 46, 'pm', 't00164n000002', 'fragment_date', 'etlApp.constant_fragmentDate', NULL, NULL, NULL, 1, 'TIMESTAMPTZ', 'yyyy-mm-dd hh24:miZ', NULL, 'CONSTANT', false, NULL, false, NULL, false, true, false, true, '2026-03-09 22:42:04.000 +0300', NULL, '2026-03-09 22:42:04.000 +0300', NULL, NULL, NULL),
  (808, 164, 46, 'pm', 't00164n000002', 'file_id', 'etlApp.info_fileId', NULL, NULL, NULL, 2, 'VARCHAR', NULL, '100', 'INFO', false, NULL, false, NULL, false, true, false, true, '2026-03-09 22:42:04.000 +0300', NULL, '2026-03-09 22:42:04.000 +0300', NULL, NULL, NULL),
  (809, 164, 46, 'pm', 't00164n000002', 'line_index', 'etlApp.info_lineIndex', NULL, NULL, NULL, 3, 'VARCHAR', NULL, NULL, 'INFO', false, NULL, false, NULL, false, true, false, true, '2026-03-09 22:42:04.000 +0300', NULL, '2026-03-09 22:42:04.000 +0300', NULL, NULL, NULL),
  (810, 164, 46, 'pm', 't00164n000002', 'unique_row_code', 'etlApp.info_uniqueRowCode', NULL, NULL, NULL, 4, 'VARCHAR', NULL, '100', 'INFO', false, NULL, false, NULL, false, true, false, true, '2026-03-09 22:42:04.000 +0300', NULL, '2026-03-09 22:42:04.000 +0300', NULL, NULL, NULL),
  (811, 164, 46, 'pm', 't00164n000002', 'a', 'A', NULL, NULL, NULL, 5, 'NUMERIC', NULL, NULL, 'VARIABLE', false, NULL, false, NULL, false, true, false, true, '2026-03-09 22:42:04.000 +0300', NULL, '2026-03-09 22:42:04.000 +0300', NULL, NULL, NULL),
  (812, 164, 46, 'pm', 't00164n000002', 'adet_oran12', 'ADET_ORAN12', NULL, NULL, NULL, 6, 'NUMERIC', NULL, NULL, 'VARIABLE', false, NULL, false, NULL, false, true, false, true, '2026-03-09 22:42:04.000 +0300', NULL, '2026-03-09 22:42:04.000 +0300', NULL, NULL, NULL),
  (813, 164, 46, 'pm', 't00164n000002', 'b', 'B', NULL, NULL, NULL, 7, 'NUMERIC', NULL, NULL, 'VARIABLE', false, NULL, false, NULL, false, true, false, true, '2026-03-09 22:42:04.000 +0300', NULL, '2026-03-09 22:42:04.000 +0300', NULL, NULL, NULL),
  (814, 164, 46, 'pm', 't00164n000002', 'c', 'C', NULL, NULL, NULL, 8, 'NUMERIC', NULL, NULL, 'VARIABLE', false, NULL, false, NULL, false, true, false, true, '2026-03-09 22:42:04.000 +0300', NULL, '2026-03-09 22:42:04.000 +0300', NULL, NULL, NULL),
  (815, 164, 46, 'pm', 't00164n000002', 'c2', 'C2', NULL, NULL, NULL, 9, 'NUMERIC', NULL, NULL, 'VARIABLE', false, NULL, false, NULL, false, true, false, true, '2026-03-09 22:42:04.000 +0300', NULL, '2026-03-09 22:42:04.000 +0300', NULL, NULL, NULL),
  (816, 164, 46, 'pm', 't00164n000002', 'd', 'D', NULL, NULL, NULL, 10, 'NUMERIC', NULL, NULL, 'VARIABLE', false, NULL, false, NULL, false, true, false, true, '2026-03-09 22:42:04.000 +0300', NULL, '2026-03-09 22:42:04.000 +0300', NULL, NULL, NULL),
  (817, 164, 46, 'pm', 't00164n000002', 'd2', 'D2', NULL, NULL, NULL, 11, 'NUMERIC', NULL, NULL, 'VARIABLE', false, NULL, false, NULL, false, true, false, true, '2026-03-09 22:42:04.000 +0300', NULL, '2026-03-09 22:42:04.000 +0300', NULL, NULL, NULL),
  (818, 164, 46, 'pm', 't00164n000002', 'd4', 'D4', NULL, NULL, NULL, 12, 'NUMERIC', NULL, NULL, 'VARIABLE', false, NULL, false, NULL, false, true, false, true, '2026-03-09 22:42:04.000 +0300', NULL, '2026-03-09 22:42:04.000 +0300', NULL, NULL, NULL),
  (819, 164, 46, 'pm', 't00164n000002', 'report_date', 'REPORT_DATE', NULL, NULL, NULL, 13, 'NUMERIC', NULL, NULL, 'VARIABLE', false, NULL, false, NULL, false, true, false, true, '2026-03-09 22:42:04.000 +0300', NULL, '2026-03-09 22:42:04.000 +0300', NULL, NULL, NULL),
  (820, 164, 46, 'pm', 't00164n000002', 'sure_oran12', 'SURE_ORAN12', NULL, NULL, NULL, 14, 'NUMERIC', NULL, NULL, 'VARIABLE', false, NULL, false, NULL, false, true, false, true, '2026-03-09 22:42:04.000 +0300', NULL, '2026-03-09 22:42:04.000 +0300', NULL, NULL, NULL);


-- ═══════════════════════════════════════════════════
-- peak_report12_new
-- ═══════════════════════════════════════════════════

-- t_all_table
INSERT INTO t_all_table (id, flow_id, db_catalog, schema_name, table_name, tablespace_name, table_name_alias, table_name_lookup, table_description, object_key, object_key2, object_type, element_type, node_type, item_type, table_type, sub_table_type, network_type, sub_network_type, data_type, data_interval, time_period, time_delay, need_refresh, is_generated, is_failed, is_active, created_time, created_by, updated_time, updated_by, extra_info, flow_code) VALUES (47, 164, NULL, 'pm', 't00164n000003', NULL, 't164n3', NULL, NULL, 'peak_report12_new', NULL, NULL, NULL, NULL, NULL, NULL, NULL, NULL, NULL, NULL, 1, 1, NULL, false, true, false, true, '2026-03-09 22:42:04.000 +0300', NULL, '2026-03-09 22:42:04.000 +0300', NULL, NULL, NULL);

-- t_parse_table
INSERT INTO t_parse_table (id, flow_id, all_table_id, schema_name, table_name, object_key, object_type, element_type, node_type, item_type, table_type, sub_table_type, network_type, sub_network_type, group_type, data_type, data_source, table_group, data_group, date_column_index, date_column_name, result_file_delimiter, loader_target, is_active, created_time, created_by, updated_time, updated_by, extra_info, flow_code, measurement_key, object_id, object_id_lookup, object_key_lookup, sub_element_type, sub_item_type) VALUES (70, 164, 47, 'pm', 't00164n000003', 'peak_report12_new', NULL, NULL, NULL, NULL, NULL, NULL, NULL, NULL, NULL, NULL, NULL, NULL, NULL, 1, 'fragment_date', '|', NULL, true, '2026-03-09 22:42:04.000 +0300', NULL, '2026-03-09 22:42:04.000 +0300', NULL, NULL, NULL, NULL, NULL, NULL, NULL, NULL, NULL);

-- t_all_column
INSERT INTO t_all_column (id, flow_id, all_table_id, schema_name, table_name, column_name, object_key, object_key2, column_name_lookup, column_description, column_order_id, column_type, column_formula, column_length, model_type, is_column_gen, column_gen_formula, is_column_agg, column_agg_formula, need_refresh, is_generated, is_failed, is_active, created_time, created_by, updated_time, updated_by, extra_info, flow_code) VALUES
  (821, 164, 47, 'pm', 't00164n000003', 'fragment_date', 'etlApp.constant_fragmentDate', NULL, NULL, NULL, 1, 'TIMESTAMPTZ', 'yyyy-mm-dd hh24:miZ', NULL, 'CONSTANT', false, NULL, false, NULL, false, true, false, true, '2026-03-09 22:42:04.000 +0300', NULL, '2026-03-09 22:42:04.000 +0300', NULL, NULL, NULL),
  (822, 164, 47, 'pm', 't00164n000003', 'file_id', 'etlApp.info_fileId', NULL, NULL, NULL, 2, 'VARCHAR', NULL, '100', 'INFO', false, NULL, false, NULL, false, true, false, true, '2026-03-09 22:42:04.000 +0300', NULL, '2026-03-09 22:42:04.000 +0300', NULL, NULL, NULL),
  (823, 164, 47, 'pm', 't00164n000003', 'line_index', 'etlApp.info_lineIndex', NULL, NULL, NULL, 3, 'VARCHAR', NULL, NULL, 'INFO', false, NULL, false, NULL, false, true, false, true, '2026-03-09 22:42:04.000 +0300', NULL, '2026-03-09 22:42:04.000 +0300', NULL, NULL, NULL),
  (824, 164, 47, 'pm', 't00164n000003', 'unique_row_code', 'etlApp.info_uniqueRowCode', NULL, NULL, NULL, 4, 'VARCHAR', NULL, '100', 'INFO', false, NULL, false, NULL, false, true, false, true, '2026-03-09 22:42:04.000 +0300', NULL, '2026-03-09 22:42:04.000 +0300', NULL, NULL, NULL),
  (825, 164, 47, 'pm', 't00164n000003', 'a', 'A', NULL, NULL, NULL, 5, 'NUMERIC', NULL, NULL, 'VARIABLE', false, NULL, false, NULL, false, true, false, true, '2026-03-09 22:42:04.000 +0300', NULL, '2026-03-09 22:42:04.000 +0300', NULL, NULL, NULL),
  (826, 164, 47, 'pm', 't00164n000003', 'adet_oran12', 'ADET_ORAN12', NULL, NULL, NULL, 6, 'NUMERIC', NULL, NULL, 'VARIABLE', false, NULL, false, NULL, false, true, false, true, '2026-03-09 22:42:04.000 +0300', NULL, '2026-03-09 22:42:04.000 +0300', NULL, NULL, NULL),
  (827, 164, 47, 'pm', 't00164n000003', 'b', 'B', NULL, NULL, NULL, 7, 'NUMERIC', NULL, NULL, 'VARIABLE', false, NULL, false, NULL, false, true, false, true, '2026-03-09 22:42:04.000 +0300', NULL, '2026-03-09 22:42:04.000 +0300', NULL, NULL, NULL),
  (828, 164, 47, 'pm', 't00164n000003', 'c', 'C', NULL, NULL, NULL, 8, 'NUMERIC', NULL, NULL, 'VARIABLE', false, NULL, false, NULL, false, true, false, true, '2026-03-09 22:42:04.000 +0300', NULL, '2026-03-09 22:42:04.000 +0300', NULL, NULL, NULL),
  (829, 164, 47, 'pm', 't00164n000003', 'c2', 'C2', NULL, NULL, NULL, 9, 'NUMERIC', NULL, NULL, 'VARIABLE', false, NULL, false, NULL, false, true, false, true, '2026-03-09 22:42:04.000 +0300', NULL, '2026-03-09 22:42:04.000 +0300', NULL, NULL, NULL),
  (830, 164, 47, 'pm', 't00164n000003', 'd', 'D', NULL, NULL, NULL, 10, 'NUMERIC', NULL, NULL, 'VARIABLE', false, NULL, false, NULL, false, true, false, true, '2026-03-09 22:42:04.000 +0300', NULL, '2026-03-09 22:42:04.000 +0300', NULL, NULL, NULL),
  (831, 164, 47, 'pm', 't00164n000003', 'd2', 'D2', NULL, NULL, NULL, 11, 'NUMERIC', NULL, NULL, 'VARIABLE', false, NULL, false, NULL, false, true, false, true, '2026-03-09 22:42:04.000 +0300', NULL, '2026-03-09 22:42:04.000 +0300', NULL, NULL, NULL),
  (832, 164, 47, 'pm', 't00164n000003', 'd4', 'D4', NULL, NULL, NULL, 12, 'NUMERIC', NULL, NULL, 'VARIABLE', false, NULL, false, NULL, false, true, false, true, '2026-03-09 22:42:04.000 +0300', NULL, '2026-03-09 22:42:04.000 +0300', NULL, NULL, NULL),
  (833, 164, 47, 'pm', 't00164n000003', 'report_date', 'REPORT_DATE', NULL, NULL, NULL, 13, 'NUMERIC', NULL, NULL, 'VARIABLE', false, NULL, false, NULL, false, true, false, true, '2026-03-09 22:42:04.000 +0300', NULL, '2026-03-09 22:42:04.000 +0300', NULL, NULL, NULL),
  (834, 164, 47, 'pm', 't00164n000003', 'sure_oran12', 'SURE_ORAN12', NULL, NULL, NULL, 14, 'NUMERIC', NULL, NULL, 'VARIABLE', false, NULL, false, NULL, false, true, false, true, '2026-03-09 22:42:04.000 +0300', NULL, '2026-03-09 22:42:04.000 +0300', NULL, NULL, NULL);


-- ═══════════════════════════════════════════════════
-- peak_report15
-- ═══════════════════════════════════════════════════

-- t_all_table
INSERT INTO t_all_table (id, flow_id, db_catalog, schema_name, table_name, tablespace_name, table_name_alias, table_name_lookup, table_description, object_key, object_key2, object_type, element_type, node_type, item_type, table_type, sub_table_type, network_type, sub_network_type, data_type, data_interval, time_period, time_delay, need_refresh, is_generated, is_failed, is_active, created_time, created_by, updated_time, updated_by, extra_info, flow_code) VALUES (48, 164, NULL, 'pm', 't00164n000004', NULL, 't164n4', NULL, NULL, 'peak_report15', NULL, NULL, NULL, NULL, NULL, NULL, NULL, NULL, NULL, NULL, 1, 1, NULL, false, true, false, true, '2026-03-09 22:42:04.000 +0300', NULL, '2026-03-09 22:42:04.000 +0300', NULL, NULL, NULL);

-- t_parse_table
INSERT INTO t_parse_table (id, flow_id, all_table_id, schema_name, table_name, object_key, object_type, element_type, node_type, item_type, table_type, sub_table_type, network_type, sub_network_type, group_type, data_type, data_source, table_group, data_group, date_column_index, date_column_name, result_file_delimiter, loader_target, is_active, created_time, created_by, updated_time, updated_by, extra_info, flow_code, measurement_key, object_id, object_id_lookup, object_key_lookup, sub_element_type, sub_item_type) VALUES (71, 164, 48, 'pm', 't00164n000004', 'peak_report15', NULL, NULL, NULL, NULL, NULL, NULL, NULL, NULL, NULL, NULL, NULL, NULL, NULL, 1, 'fragment_date', '|', NULL, true, '2026-03-09 22:42:04.000 +0300', NULL, '2026-03-09 22:42:04.000 +0300', NULL, NULL, NULL, NULL, NULL, NULL, NULL, NULL, NULL);

-- t_all_column
INSERT INTO t_all_column (id, flow_id, all_table_id, schema_name, table_name, column_name, object_key, object_key2, column_name_lookup, column_description, column_order_id, column_type, column_formula, column_length, model_type, is_column_gen, column_gen_formula, is_column_agg, column_agg_formula, need_refresh, is_generated, is_failed, is_active, created_time, created_by, updated_time, updated_by, extra_info, flow_code) VALUES
  (835, 164, 48, 'pm', 't00164n000004', 'fragment_date', 'etlApp.constant_fragmentDate', NULL, NULL, NULL, 1, 'TIMESTAMPTZ', 'yyyy-mm-dd hh24:miZ', NULL, 'CONSTANT', false, NULL, false, NULL, false, true, false, true, '2026-03-09 22:42:04.000 +0300', NULL, '2026-03-09 22:42:04.000 +0300', NULL, NULL, NULL),
  (836, 164, 48, 'pm', 't00164n000004', 'file_id', 'etlApp.info_fileId', NULL, NULL, NULL, 2, 'VARCHAR', NULL, '100', 'INFO', false, NULL, false, NULL, false, true, false, true, '2026-03-09 22:42:04.000 +0300', NULL, '2026-03-09 22:42:04.000 +0300', NULL, NULL, NULL),
  (837, 164, 48, 'pm', 't00164n000004', 'line_index', 'etlApp.info_lineIndex', NULL, NULL, NULL, 3, 'VARCHAR', NULL, NULL, 'INFO', false, NULL, false, NULL, false, true, false, true, '2026-03-09 22:42:04.000 +0300', NULL, '2026-03-09 22:42:04.000 +0300', NULL, NULL, NULL),
  (838, 164, 48, 'pm', 't00164n000004', 'unique_row_code', 'etlApp.info_uniqueRowCode', NULL, NULL, NULL, 4, 'VARCHAR', NULL, '100', 'INFO', false, NULL, false, NULL, false, true, false, true, '2026-03-09 22:42:04.000 +0300', NULL, '2026-03-09 22:42:04.000 +0300', NULL, NULL, NULL),
  (839, 164, 48, 'pm', 't00164n000004', 'a', 'A', NULL, NULL, NULL, 5, 'NUMERIC', NULL, NULL, 'VARIABLE', false, NULL, false, NULL, false, true, false, true, '2026-03-09 22:42:04.000 +0300', NULL, '2026-03-09 22:42:04.000 +0300', NULL, NULL, NULL),
  (840, 164, 48, 'pm', 't00164n000004', 'adet_oran15', 'ADET_ORAN15', NULL, NULL, NULL, 6, 'NUMERIC', NULL, NULL, 'VARIABLE', false, NULL, false, NULL, false, true, false, true, '2026-03-09 22:42:04.000 +0300', NULL, '2026-03-09 22:42:04.000 +0300', NULL, NULL, NULL),
  (841, 164, 48, 'pm', 't00164n000004', 'b', 'B', NULL, NULL, NULL, 7, 'NUMERIC', NULL, NULL, 'VARIABLE', false, NULL, false, NULL, false, true, false, true, '2026-03-09 22:42:04.000 +0300', NULL, '2026-03-09 22:42:04.000 +0300', NULL, NULL, NULL),
  (842, 164, 48, 'pm', 't00164n000004', 'c', 'C', NULL, NULL, NULL, 8, 'NUMERIC', NULL, NULL, 'VARIABLE', false, NULL, false, NULL, false, true, false, true, '2026-03-09 22:42:04.000 +0300', NULL, '2026-03-09 22:42:04.000 +0300', NULL, NULL, NULL),
  (843, 164, 48, 'pm', 't00164n000004', 'c1', 'C1', NULL, NULL, NULL, 9, 'NUMERIC', NULL, NULL, 'VARIABLE', false, NULL, false, NULL, false, true, false, true, '2026-03-09 22:42:04.000 +0300', NULL, '2026-03-09 22:42:04.000 +0300', NULL, NULL, NULL),
  (844, 164, 48, 'pm', 't00164n000004', 'd', 'D', NULL, NULL, NULL, 10, 'NUMERIC', NULL, NULL, 'VARIABLE', false, NULL, false, NULL, false, true, false, true, '2026-03-09 22:42:04.000 +0300', NULL, '2026-03-09 22:42:04.000 +0300', NULL, NULL, NULL),
  (845, 164, 48, 'pm', 't00164n000004', 'd2', 'D2', NULL, NULL, NULL, 11, 'NUMERIC', NULL, NULL, 'VARIABLE', false, NULL, false, NULL, false, true, false, true, '2026-03-09 22:42:04.000 +0300', NULL, '2026-03-09 22:42:04.000 +0300', NULL, NULL, NULL),
  (846, 164, 48, 'pm', 't00164n000004', 'd4', 'D4', NULL, NULL, NULL, 12, 'NUMERIC', NULL, NULL, 'VARIABLE', false, NULL, false, NULL, false, true, false, true, '2026-03-09 22:42:04.000 +0300', NULL, '2026-03-09 22:42:04.000 +0300', NULL, NULL, NULL),
  (847, 164, 48, 'pm', 't00164n000004', 'report_date', 'REPORT_DATE', NULL, NULL, NULL, 13, 'NUMERIC', NULL, NULL, 'VARIABLE', false, NULL, false, NULL, false, true, false, true, '2026-03-09 22:42:04.000 +0300', NULL, '2026-03-09 22:42:04.000 +0300', NULL, NULL, NULL),
  (848, 164, 48, 'pm', 't00164n000004', 'sure_oran15', 'SURE_ORAN15', NULL, NULL, NULL, 14, 'NUMERIC', NULL, NULL, 'VARIABLE', false, NULL, false, NULL, false, true, false, true, '2026-03-09 22:42:04.000 +0300', NULL, '2026-03-09 22:42:04.000 +0300', NULL, NULL, NULL);


-- ═══════════════════════════════════════════════════
-- peak_report15_new
-- ═══════════════════════════════════════════════════

-- t_all_table
INSERT INTO t_all_table (id, flow_id, db_catalog, schema_name, table_name, tablespace_name, table_name_alias, table_name_lookup, table_description, object_key, object_key2, object_type, element_type, node_type, item_type, table_type, sub_table_type, network_type, sub_network_type, data_type, data_interval, time_period, time_delay, need_refresh, is_generated, is_failed, is_active, created_time, created_by, updated_time, updated_by, extra_info, flow_code) VALUES (49, 164, NULL, 'pm', 't00164n000005', NULL, 't164n5', NULL, NULL, 'peak_report15_new', NULL, NULL, NULL, NULL, NULL, NULL, NULL, NULL, NULL, NULL, 1, 1, NULL, false, true, false, true, '2026-03-09 22:42:04.000 +0300', NULL, '2026-03-09 22:42:04.000 +0300', NULL, NULL, NULL);

-- t_parse_table
INSERT INTO t_parse_table (id, flow_id, all_table_id, schema_name, table_name, object_key, object_type, element_type, node_type, item_type, table_type, sub_table_type, network_type, sub_network_type, group_type, data_type, data_source, table_group, data_group, date_column_index, date_column_name, result_file_delimiter, loader_target, is_active, created_time, created_by, updated_time, updated_by, extra_info, flow_code, measurement_key, object_id, object_id_lookup, object_key_lookup, sub_element_type, sub_item_type) VALUES (72, 164, 49, 'pm', 't00164n000005', 'peak_report15_new', NULL, NULL, NULL, NULL, NULL, NULL, NULL, NULL, NULL, NULL, NULL, NULL, NULL, 1, 'fragment_date', '|', NULL, true, '2026-03-09 22:42:04.000 +0300', NULL, '2026-03-09 22:42:04.000 +0300', NULL, NULL, NULL, NULL, NULL, NULL, NULL, NULL, NULL);

-- t_all_column
INSERT INTO t_all_column (id, flow_id, all_table_id, schema_name, table_name, column_name, object_key, object_key2, column_name_lookup, column_description, column_order_id, column_type, column_formula, column_length, model_type, is_column_gen, column_gen_formula, is_column_agg, column_agg_formula, need_refresh, is_generated, is_failed, is_active, created_time, created_by, updated_time, updated_by, extra_info, flow_code) VALUES
  (849, 164, 49, 'pm', 't00164n000005', 'fragment_date', 'etlApp.constant_fragmentDate', NULL, NULL, NULL, 1, 'TIMESTAMPTZ', 'yyyy-mm-dd hh24:miZ', NULL, 'CONSTANT', false, NULL, false, NULL, false, true, false, true, '2026-03-09 22:42:04.000 +0300', NULL, '2026-03-09 22:42:04.000 +0300', NULL, NULL, NULL),
  (850, 164, 49, 'pm', 't00164n000005', 'file_id', 'etlApp.info_fileId', NULL, NULL, NULL, 2, 'VARCHAR', NULL, '100', 'INFO', false, NULL, false, NULL, false, true, false, true, '2026-03-09 22:42:04.000 +0300', NULL, '2026-03-09 22:42:04.000 +0300', NULL, NULL, NULL),
  (851, 164, 49, 'pm', 't00164n000005', 'line_index', 'etlApp.info_lineIndex', NULL, NULL, NULL, 3, 'VARCHAR', NULL, NULL, 'INFO', false, NULL, false, NULL, false, true, false, true, '2026-03-09 22:42:04.000 +0300', NULL, '2026-03-09 22:42:04.000 +0300', NULL, NULL, NULL),
  (852, 164, 49, 'pm', 't00164n000005', 'unique_row_code', 'etlApp.info_uniqueRowCode', NULL, NULL, NULL, 4, 'VARCHAR', NULL, '100', 'INFO', false, NULL, false, NULL, false, true, false, true, '2026-03-09 22:42:04.000 +0300', NULL, '2026-03-09 22:42:04.000 +0300', NULL, NULL, NULL),
  (853, 164, 49, 'pm', 't00164n000005', 'a', 'A', NULL, NULL, NULL, 5, 'NUMERIC', NULL, NULL, 'VARIABLE', false, NULL, false, NULL, false, true, false, true, '2026-03-09 22:42:04.000 +0300', NULL, '2026-03-09 22:42:04.000 +0300', NULL, NULL, NULL),
  (854, 164, 49, 'pm', 't00164n000005', 'adet_oran15', 'ADET_ORAN15', NULL, NULL, NULL, 6, 'NUMERIC', NULL, NULL, 'VARIABLE', false, NULL, false, NULL, false, true, false, true, '2026-03-09 22:42:04.000 +0300', NULL, '2026-03-09 22:42:04.000 +0300', NULL, NULL, NULL),
  (855, 164, 49, 'pm', 't00164n000005', 'b', 'B', NULL, NULL, NULL, 7, 'NUMERIC', NULL, NULL, 'VARIABLE', false, NULL, false, NULL, false, true, false, true, '2026-03-09 22:42:04.000 +0300', NULL, '2026-03-09 22:42:04.000 +0300', NULL, NULL, NULL),
  (856, 164, 49, 'pm', 't00164n000005', 'c', 'C', NULL, NULL, NULL, 8, 'NUMERIC', NULL, NULL, 'VARIABLE', false, NULL, false, NULL, false, true, false, true, '2026-03-09 22:42:04.000 +0300', NULL, '2026-03-09 22:42:04.000 +0300', NULL, NULL, NULL),
  (857, 164, 49, 'pm', 't00164n000005', 'c1', 'C1', NULL, NULL, NULL, 9, 'NUMERIC', NULL, NULL, 'VARIABLE', false, NULL, false, NULL, false, true, false, true, '2026-03-09 22:42:04.000 +0300', NULL, '2026-03-09 22:42:04.000 +0300', NULL, NULL, NULL),
  (858, 164, 49, 'pm', 't00164n000005', 'd', 'D', NULL, NULL, NULL, 10, 'NUMERIC', NULL, NULL, 'VARIABLE', false, NULL, false, NULL, false, true, false, true, '2026-03-09 22:42:04.000 +0300', NULL, '2026-03-09 22:42:04.000 +0300', NULL, NULL, NULL),
  (859, 164, 49, 'pm', 't00164n000005', 'd2', 'D2', NULL, NULL, NULL, 11, 'NUMERIC', NULL, NULL, 'VARIABLE', false, NULL, false, NULL, false, true, false, true, '2026-03-09 22:42:04.000 +0300', NULL, '2026-03-09 22:42:04.000 +0300', NULL, NULL, NULL),
  (860, 164, 49, 'pm', 't00164n000005', 'd4', 'D4', NULL, NULL, NULL, 12, 'NUMERIC', NULL, NULL, 'VARIABLE', false, NULL, false, NULL, false, true, false, true, '2026-03-09 22:42:04.000 +0300', NULL, '2026-03-09 22:42:04.000 +0300', NULL, NULL, NULL),
  (861, 164, 49, 'pm', 't00164n000005', 'report_date', 'REPORT_DATE', NULL, NULL, NULL, 13, 'NUMERIC', NULL, NULL, 'VARIABLE', false, NULL, false, NULL, false, true, false, true, '2026-03-09 22:42:04.000 +0300', NULL, '2026-03-09 22:42:04.000 +0300', NULL, NULL, NULL),
  (862, 164, 49, 'pm', 't00164n000005', 'sure_oran15', 'SURE_ORAN15', NULL, NULL, NULL, 14, 'NUMERIC', NULL, NULL, 'VARIABLE', false, NULL, false, NULL, false, true, false, true, '2026-03-09 22:42:04.000 +0300', NULL, '2026-03-09 22:42:04.000 +0300', NULL, NULL, NULL);


-- ═══════════════════════════════════════════════════
-- report12
-- ═══════════════════════════════════════════════════

-- t_all_table
INSERT INTO t_all_table (id, flow_id, db_catalog, schema_name, table_name, tablespace_name, table_name_alias, table_name_lookup, table_description, object_key, object_key2, object_type, element_type, node_type, item_type, table_type, sub_table_type, network_type, sub_network_type, data_type, data_interval, time_period, time_delay, need_refresh, is_generated, is_failed, is_active, created_time, created_by, updated_time, updated_by, extra_info, flow_code) VALUES (50, 164, NULL, 'pm', 't00164n000006', NULL, 't164n6', NULL, NULL, 'report12', NULL, NULL, NULL, NULL, NULL, NULL, NULL, NULL, NULL, NULL, 1, 1, NULL, false, true, false, true, '2026-03-09 22:42:04.000 +0300', NULL, '2026-03-09 22:42:04.000 +0300', NULL, NULL, NULL);

-- t_parse_table
INSERT INTO t_parse_table (id, flow_id, all_table_id, schema_name, table_name, object_key, object_type, element_type, node_type, item_type, table_type, sub_table_type, network_type, sub_network_type, group_type, data_type, data_source, table_group, data_group, date_column_index, date_column_name, result_file_delimiter, loader_target, is_active, created_time, created_by, updated_time, updated_by, extra_info, flow_code, measurement_key, object_id, object_id_lookup, object_key_lookup, sub_element_type, sub_item_type) VALUES (73, 164, 50, 'pm', 't00164n000006', 'report12', NULL, NULL, NULL, NULL, NULL, NULL, NULL, NULL, NULL, NULL, NULL, NULL, NULL, 1, 'fragment_date', '|', NULL, true, '2026-03-09 22:42:04.000 +0300', NULL, '2026-03-09 22:42:04.000 +0300', NULL, NULL, NULL, NULL, NULL, NULL, NULL, NULL, NULL);

-- t_all_column
INSERT INTO t_all_column (id, flow_id, all_table_id, schema_name, table_name, column_name, object_key, object_key2, column_name_lookup, column_description, column_order_id, column_type, column_formula, column_length, model_type, is_column_gen, column_gen_formula, is_column_agg, column_agg_formula, need_refresh, is_generated, is_failed, is_active, created_time, created_by, updated_time, updated_by, extra_info, flow_code) VALUES
  (863, 164, 50, 'pm', 't00164n000006', 'fragment_date', 'etlApp.constant_fragmentDate', NULL, NULL, NULL, 1, 'TIMESTAMPTZ', 'yyyy-mm-dd hh24:miZ', NULL, 'CONSTANT', false, NULL, false, NULL, false, true, false, true, '2026-03-09 22:42:04.000 +0300', NULL, '2026-03-09 22:42:04.000 +0300', NULL, NULL, NULL),
  (864, 164, 50, 'pm', 't00164n000006', 'file_id', 'etlApp.info_fileId', NULL, NULL, NULL, 2, 'VARCHAR', NULL, '100', 'INFO', false, NULL, false, NULL, false, true, false, true, '2026-03-09 22:42:04.000 +0300', NULL, '2026-03-09 22:42:04.000 +0300', NULL, NULL, NULL),
  (865, 164, 50, 'pm', 't00164n000006', 'line_index', 'etlApp.info_lineIndex', NULL, NULL, NULL, 3, 'VARCHAR', NULL, NULL, 'INFO', false, NULL, false, NULL, false, true, false, true, '2026-03-09 22:42:04.000 +0300', NULL, '2026-03-09 22:42:04.000 +0300', NULL, NULL, NULL),
  (866, 164, 50, 'pm', 't00164n000006', 'unique_row_code', 'etlApp.info_uniqueRowCode', NULL, NULL, NULL, 4, 'VARCHAR', NULL, '100', 'INFO', false, NULL, false, NULL, false, true, false, true, '2026-03-09 22:42:04.000 +0300', NULL, '2026-03-09 22:42:04.000 +0300', NULL, NULL, NULL),
  (867, 164, 50, 'pm', 't00164n000006', 'a', 'A', NULL, NULL, NULL, 5, 'NUMERIC', NULL, NULL, 'VARIABLE', false, NULL, false, NULL, false, true, false, true, '2026-03-09 22:42:04.000 +0300', NULL, '2026-03-09 22:42:04.000 +0300', NULL, NULL, NULL),
  (868, 164, 50, 'pm', 't00164n000006', 'adet_oran12', 'ADET_ORAN12', NULL, NULL, NULL, 6, 'NUMERIC', NULL, NULL, 'VARIABLE', false, NULL, false, NULL, false, true, false, true, '2026-03-09 22:42:04.000 +0300', NULL, '2026-03-09 22:42:04.000 +0300', NULL, NULL, NULL),
  (869, 164, 50, 'pm', 't00164n000006', 'b', 'B', NULL, NULL, NULL, 7, 'NUMERIC', NULL, NULL, 'VARIABLE', false, NULL, false, NULL, false, true, false, true, '2026-03-09 22:42:04.000 +0300', NULL, '2026-03-09 22:42:04.000 +0300', NULL, NULL, NULL),
  (870, 164, 50, 'pm', 't00164n000006', 'c', 'C', NULL, NULL, NULL, 8, 'NUMERIC', NULL, NULL, 'VARIABLE', false, NULL, false, NULL, false, true, false, true, '2026-03-09 22:42:04.000 +0300', NULL, '2026-03-09 22:42:04.000 +0300', NULL, NULL, NULL),
  (871, 164, 50, 'pm', 't00164n000006', 'c2', 'C2', NULL, NULL, NULL, 9, 'NUMERIC', NULL, NULL, 'VARIABLE', false, NULL, false, NULL, false, true, false, true, '2026-03-09 22:42:04.000 +0300', NULL, '2026-03-09 22:42:04.000 +0300', NULL, NULL, NULL),
  (872, 164, 50, 'pm', 't00164n000006', 'd', 'D', NULL, NULL, NULL, 10, 'NUMERIC', NULL, NULL, 'VARIABLE', false, NULL, false, NULL, false, true, false, true, '2026-03-09 22:42:04.000 +0300', NULL, '2026-03-09 22:42:04.000 +0300', NULL, NULL, NULL),
  (873, 164, 50, 'pm', 't00164n000006', 'd2', 'D2', NULL, NULL, NULL, 11, 'NUMERIC', NULL, NULL, 'VARIABLE', false, NULL, false, NULL, false, true, false, true, '2026-03-09 22:42:04.000 +0300', NULL, '2026-03-09 22:42:04.000 +0300', NULL, NULL, NULL),
  (874, 164, 50, 'pm', 't00164n000006', 'd4', 'D4', NULL, NULL, NULL, 12, 'NUMERIC', NULL, NULL, 'VARIABLE', false, NULL, false, NULL, false, true, false, true, '2026-03-09 22:42:04.000 +0300', NULL, '2026-03-09 22:42:04.000 +0300', NULL, NULL, NULL),
  (875, 164, 50, 'pm', 't00164n000006', 'report_date', 'REPORT_DATE', NULL, NULL, NULL, 13, 'NUMERIC', NULL, NULL, 'VARIABLE', false, NULL, false, NULL, false, true, false, true, '2026-03-09 22:42:04.000 +0300', NULL, '2026-03-09 22:42:04.000 +0300', NULL, NULL, NULL),
  (876, 164, 50, 'pm', 't00164n000006', 'sure_oran12', 'SURE_ORAN12', NULL, NULL, NULL, 14, 'NUMERIC', NULL, NULL, 'VARIABLE', false, NULL, false, NULL, false, true, false, true, '2026-03-09 22:42:04.000 +0300', NULL, '2026-03-09 22:42:04.000 +0300', NULL, NULL, NULL);


-- ═══════════════════════════════════════════════════
-- report12_new
-- ═══════════════════════════════════════════════════

-- t_all_table
INSERT INTO t_all_table (id, flow_id, db_catalog, schema_name, table_name, tablespace_name, table_name_alias, table_name_lookup, table_description, object_key, object_key2, object_type, element_type, node_type, item_type, table_type, sub_table_type, network_type, sub_network_type, data_type, data_interval, time_period, time_delay, need_refresh, is_generated, is_failed, is_active, created_time, created_by, updated_time, updated_by, extra_info, flow_code) VALUES (51, 164, NULL, 'pm', 't00164n000007', NULL, 't164n7', NULL, NULL, 'report12_new', NULL, NULL, NULL, NULL, NULL, NULL, NULL, NULL, NULL, NULL, 1, 1, NULL, false, true, false, true, '2026-03-09 22:42:04.000 +0300', NULL, '2026-03-09 22:42:04.000 +0300', NULL, NULL, NULL);

-- t_parse_table
INSERT INTO t_parse_table (id, flow_id, all_table_id, schema_name, table_name, object_key, object_type, element_type, node_type, item_type, table_type, sub_table_type, network_type, sub_network_type, group_type, data_type, data_source, table_group, data_group, date_column_index, date_column_name, result_file_delimiter, loader_target, is_active, created_time, created_by, updated_time, updated_by, extra_info, flow_code, measurement_key, object_id, object_id_lookup, object_key_lookup, sub_element_type, sub_item_type) VALUES (74, 164, 51, 'pm', 't00164n000007', 'report12_new', NULL, NULL, NULL, NULL, NULL, NULL, NULL, NULL, NULL, NULL, NULL, NULL, NULL, 1, 'fragment_date', '|', NULL, true, '2026-03-09 22:42:04.000 +0300', NULL, '2026-03-09 22:42:04.000 +0300', NULL, NULL, NULL, NULL, NULL, NULL, NULL, NULL, NULL);

-- t_all_column
INSERT INTO t_all_column (id, flow_id, all_table_id, schema_name, table_name, column_name, object_key, object_key2, column_name_lookup, column_description, column_order_id, column_type, column_formula, column_length, model_type, is_column_gen, column_gen_formula, is_column_agg, column_agg_formula, need_refresh, is_generated, is_failed, is_active, created_time, created_by, updated_time, updated_by, extra_info, flow_code) VALUES
  (877, 164, 51, 'pm', 't00164n000007', 'fragment_date', 'etlApp.constant_fragmentDate', NULL, NULL, NULL, 1, 'TIMESTAMPTZ', 'yyyy-mm-dd hh24:miZ', NULL, 'CONSTANT', false, NULL, false, NULL, false, true, false, true, '2026-03-09 22:42:04.000 +0300', NULL, '2026-03-09 22:42:04.000 +0300', NULL, NULL, NULL),
  (878, 164, 51, 'pm', 't00164n000007', 'file_id', 'etlApp.info_fileId', NULL, NULL, NULL, 2, 'VARCHAR', NULL, '100', 'INFO', false, NULL, false, NULL, false, true, false, true, '2026-03-09 22:42:04.000 +0300', NULL, '2026-03-09 22:42:04.000 +0300', NULL, NULL, NULL),
  (879, 164, 51, 'pm', 't00164n000007', 'line_index', 'etlApp.info_lineIndex', NULL, NULL, NULL, 3, 'VARCHAR', NULL, NULL, 'INFO', false, NULL, false, NULL, false, true, false, true, '2026-03-09 22:42:04.000 +0300', NULL, '2026-03-09 22:42:04.000 +0300', NULL, NULL, NULL),
  (880, 164, 51, 'pm', 't00164n000007', 'unique_row_code', 'etlApp.info_uniqueRowCode', NULL, NULL, NULL, 4, 'VARCHAR', NULL, '100', 'INFO', false, NULL, false, NULL, false, true, false, true, '2026-03-09 22:42:04.000 +0300', NULL, '2026-03-09 22:42:04.000 +0300', NULL, NULL, NULL),
  (881, 164, 51, 'pm', 't00164n000007', 'a', 'A', NULL, NULL, NULL, 5, 'NUMERIC', NULL, NULL, 'VARIABLE', false, NULL, false, NULL, false, true, false, true, '2026-03-09 22:42:04.000 +0300', NULL, '2026-03-09 22:42:04.000 +0300', NULL, NULL, NULL),
  (882, 164, 51, 'pm', 't00164n000007', 'adet_oran12', 'ADET_ORAN12', NULL, NULL, NULL, 6, 'NUMERIC', NULL, NULL, 'VARIABLE', false, NULL, false, NULL, false, true, false, true, '2026-03-09 22:42:04.000 +0300', NULL, '2026-03-09 22:42:04.000 +0300', NULL, NULL, NULL),
  (883, 164, 51, 'pm', 't00164n000007', 'b', 'B', NULL, NULL, NULL, 7, 'NUMERIC', NULL, NULL, 'VARIABLE', false, NULL, false, NULL, false, true, false, true, '2026-03-09 22:42:04.000 +0300', NULL, '2026-03-09 22:42:04.000 +0300', NULL, NULL, NULL),
  (884, 164, 51, 'pm', 't00164n000007', 'c', 'C', NULL, NULL, NULL, 8, 'NUMERIC', NULL, NULL, 'VARIABLE', false, NULL, false, NULL, false, true, false, true, '2026-03-09 22:42:04.000 +0300', NULL, '2026-03-09 22:42:04.000 +0300', NULL, NULL, NULL),
  (885, 164, 51, 'pm', 't00164n000007', 'c2', 'C2', NULL, NULL, NULL, 9, 'NUMERIC', NULL, NULL, 'VARIABLE', false, NULL, false, NULL, false, true, false, true, '2026-03-09 22:42:04.000 +0300', NULL, '2026-03-09 22:42:04.000 +0300', NULL, NULL, NULL),
  (886, 164, 51, 'pm', 't00164n000007', 'd', 'D', NULL, NULL, NULL, 10, 'NUMERIC', NULL, NULL, 'VARIABLE', false, NULL, false, NULL, false, true, false, true, '2026-03-09 22:42:04.000 +0300', NULL, '2026-03-09 22:42:04.000 +0300', NULL, NULL, NULL),
  (887, 164, 51, 'pm', 't00164n000007', 'd2', 'D2', NULL, NULL, NULL, 11, 'NUMERIC', NULL, NULL, 'VARIABLE', false, NULL, false, NULL, false, true, false, true, '2026-03-09 22:42:04.000 +0300', NULL, '2026-03-09 22:42:04.000 +0300', NULL, NULL, NULL),
  (888, 164, 51, 'pm', 't00164n000007', 'd4', 'D4', NULL, NULL, NULL, 12, 'NUMERIC', NULL, NULL, 'VARIABLE', false, NULL, false, NULL, false, true, false, true, '2026-03-09 22:42:04.000 +0300', NULL, '2026-03-09 22:42:04.000 +0300', NULL, NULL, NULL),
  (889, 164, 51, 'pm', 't00164n000007', 'report_date', 'REPORT_DATE', NULL, NULL, NULL, 13, 'NUMERIC', NULL, NULL, 'VARIABLE', false, NULL, false, NULL, false, true, false, true, '2026-03-09 22:42:04.000 +0300', NULL, '2026-03-09 22:42:04.000 +0300', NULL, NULL, NULL),
  (890, 164, 51, 'pm', 't00164n000007', 'sure_oran12', 'SURE_ORAN12', NULL, NULL, NULL, 14, 'NUMERIC', NULL, NULL, 'VARIABLE', false, NULL, false, NULL, false, true, false, true, '2026-03-09 22:42:04.000 +0300', NULL, '2026-03-09 22:42:04.000 +0300', NULL, NULL, NULL);


-- ═══════════════════════════════════════════════════
-- report15
-- ═══════════════════════════════════════════════════

-- t_all_table
INSERT INTO t_all_table (id, flow_id, db_catalog, schema_name, table_name, tablespace_name, table_name_alias, table_name_lookup, table_description, object_key, object_key2, object_type, element_type, node_type, item_type, table_type, sub_table_type, network_type, sub_network_type, data_type, data_interval, time_period, time_delay, need_refresh, is_generated, is_failed, is_active, created_time, created_by, updated_time, updated_by, extra_info, flow_code) VALUES (52, 164, NULL, 'pm', 't00164n000008', NULL, 't164n8', NULL, NULL, 'report15', NULL, NULL, NULL, NULL, NULL, NULL, NULL, NULL, NULL, NULL, 1, 1, NULL, false, true, false, true, '2026-03-09 22:42:04.000 +0300', NULL, '2026-03-09 22:42:04.000 +0300', NULL, NULL, NULL);

-- t_parse_table
INSERT INTO t_parse_table (id, flow_id, all_table_id, schema_name, table_name, object_key, object_type, element_type, node_type, item_type, table_type, sub_table_type, network_type, sub_network_type, group_type, data_type, data_source, table_group, data_group, date_column_index, date_column_name, result_file_delimiter, loader_target, is_active, created_time, created_by, updated_time, updated_by, extra_info, flow_code, measurement_key, object_id, object_id_lookup, object_key_lookup, sub_element_type, sub_item_type) VALUES (75, 164, 52, 'pm', 't00164n000008', 'report15', NULL, NULL, NULL, NULL, NULL, NULL, NULL, NULL, NULL, NULL, NULL, NULL, NULL, 1, 'fragment_date', '|', NULL, true, '2026-03-09 22:42:04.000 +0300', NULL, '2026-03-09 22:42:04.000 +0300', NULL, NULL, NULL, NULL, NULL, NULL, NULL, NULL, NULL);

-- t_all_column
INSERT INTO t_all_column (id, flow_id, all_table_id, schema_name, table_name, column_name, object_key, object_key2, column_name_lookup, column_description, column_order_id, column_type, column_formula, column_length, model_type, is_column_gen, column_gen_formula, is_column_agg, column_agg_formula, need_refresh, is_generated, is_failed, is_active, created_time, created_by, updated_time, updated_by, extra_info, flow_code) VALUES
  (891, 164, 52, 'pm', 't00164n000008', 'fragment_date', 'etlApp.constant_fragmentDate', NULL, NULL, NULL, 1, 'TIMESTAMPTZ', 'yyyy-mm-dd hh24:miZ', NULL, 'CONSTANT', false, NULL, false, NULL, false, true, false, true, '2026-03-09 22:42:04.000 +0300', NULL, '2026-03-09 22:42:04.000 +0300', NULL, NULL, NULL),
  (892, 164, 52, 'pm', 't00164n000008', 'file_id', 'etlApp.info_fileId', NULL, NULL, NULL, 2, 'VARCHAR', NULL, '100', 'INFO', false, NULL, false, NULL, false, true, false, true, '2026-03-09 22:42:04.000 +0300', NULL, '2026-03-09 22:42:04.000 +0300', NULL, NULL, NULL),
  (893, 164, 52, 'pm', 't00164n000008', 'line_index', 'etlApp.info_lineIndex', NULL, NULL, NULL, 3, 'VARCHAR', NULL, NULL, 'INFO', false, NULL, false, NULL, false, true, false, true, '2026-03-09 22:42:04.000 +0300', NULL, '2026-03-09 22:42:04.000 +0300', NULL, NULL, NULL),
  (894, 164, 52, 'pm', 't00164n000008', 'unique_row_code', 'etlApp.info_uniqueRowCode', NULL, NULL, NULL, 4, 'VARCHAR', NULL, '100', 'INFO', false, NULL, false, NULL, false, true, false, true, '2026-03-09 22:42:04.000 +0300', NULL, '2026-03-09 22:42:04.000 +0300', NULL, NULL, NULL),
  (895, 164, 52, 'pm', 't00164n000008', 'a', 'A', NULL, NULL, NULL, 5, 'NUMERIC', NULL, NULL, 'VARIABLE', false, NULL, false, NULL, false, true, false, true, '2026-03-09 22:42:04.000 +0300', NULL, '2026-03-09 22:42:04.000 +0300', NULL, NULL, NULL),
  (896, 164, 52, 'pm', 't00164n000008', 'adet_oran15', 'ADET_ORAN15', NULL, NULL, NULL, 6, 'NUMERIC', NULL, NULL, 'VARIABLE', false, NULL, false, NULL, false, true, false, true, '2026-03-09 22:42:04.000 +0300', NULL, '2026-03-09 22:42:04.000 +0300', NULL, NULL, NULL),
  (897, 164, 52, 'pm', 't00164n000008', 'b', 'B', NULL, NULL, NULL, 7, 'NUMERIC', NULL, NULL, 'VARIABLE', false, NULL, false, NULL, false, true, false, true, '2026-03-09 22:42:04.000 +0300', NULL, '2026-03-09 22:42:04.000 +0300', NULL, NULL, NULL),
  (898, 164, 52, 'pm', 't00164n000008', 'c', 'C', NULL, NULL, NULL, 8, 'NUMERIC', NULL, NULL, 'VARIABLE', false, NULL, false, NULL, false, true, false, true, '2026-03-09 22:42:04.000 +0300', NULL, '2026-03-09 22:42:04.000 +0300', NULL, NULL, NULL),
  (899, 164, 52, 'pm', 't00164n000008', 'c1', 'C1', NULL, NULL, NULL, 9, 'NUMERIC', NULL, NULL, 'VARIABLE', false, NULL, false, NULL, false, true, false, true, '2026-03-09 22:42:04.000 +0300', NULL, '2026-03-09 22:42:04.000 +0300', NULL, NULL, NULL),
  (900, 164, 52, 'pm', 't00164n000008', 'd', 'D', NULL, NULL, NULL, 10, 'NUMERIC', NULL, NULL, 'VARIABLE', false, NULL, false, NULL, false, true, false, true, '2026-03-09 22:42:04.000 +0300', NULL, '2026-03-09 22:42:04.000 +0300', NULL, NULL, NULL),
  (901, 164, 52, 'pm', 't00164n000008', 'd2', 'D2', NULL, NULL, NULL, 11, 'NUMERIC', NULL, NULL, 'VARIABLE', false, NULL, false, NULL, false, true, false, true, '2026-03-09 22:42:04.000 +0300', NULL, '2026-03-09 22:42:04.000 +0300', NULL, NULL, NULL),
  (902, 164, 52, 'pm', 't00164n000008', 'd4', 'D4', NULL, NULL, NULL, 12, 'NUMERIC', NULL, NULL, 'VARIABLE', false, NULL, false, NULL, false, true, false, true, '2026-03-09 22:42:04.000 +0300', NULL, '2026-03-09 22:42:04.000 +0300', NULL, NULL, NULL),
  (903, 164, 52, 'pm', 't00164n000008', 'report_date', 'REPORT_DATE', NULL, NULL, NULL, 13, 'NUMERIC', NULL, NULL, 'VARIABLE', false, NULL, false, NULL, false, true, false, true, '2026-03-09 22:42:04.000 +0300', NULL, '2026-03-09 22:42:04.000 +0300', NULL, NULL, NULL),
  (904, 164, 52, 'pm', 't00164n000008', 'sure_oran15', 'SURE_ORAN15', NULL, NULL, NULL, 14, 'NUMERIC', NULL, NULL, 'VARIABLE', false, NULL, false, NULL, false, true, false, true, '2026-03-09 22:42:04.000 +0300', NULL, '2026-03-09 22:42:04.000 +0300', NULL, NULL, NULL);


-- ═══════════════════════════════════════════════════
-- report15_new
-- ═══════════════════════════════════════════════════

-- t_all_table
INSERT INTO t_all_table (id, flow_id, db_catalog, schema_name, table_name, tablespace_name, table_name_alias, table_name_lookup, table_description, object_key, object_key2, object_type, element_type, node_type, item_type, table_type, sub_table_type, network_type, sub_network_type, data_type, data_interval, time_period, time_delay, need_refresh, is_generated, is_failed, is_active, created_time, created_by, updated_time, updated_by, extra_info, flow_code) VALUES (53, 164, NULL, 'pm', 't00164n000009', NULL, 't164n9', NULL, NULL, 'report15_new', NULL, NULL, NULL, NULL, NULL, NULL, NULL, NULL, NULL, NULL, 1, 1, NULL, false, true, false, true, '2026-03-09 22:42:04.000 +0300', NULL, '2026-03-09 22:42:04.000 +0300', NULL, NULL, NULL);

-- t_parse_table
INSERT INTO t_parse_table (id, flow_id, all_table_id, schema_name, table_name, object_key, object_type, element_type, node_type, item_type, table_type, sub_table_type, network_type, sub_network_type, group_type, data_type, data_source, table_group, data_group, date_column_index, date_column_name, result_file_delimiter, loader_target, is_active, created_time, created_by, updated_time, updated_by, extra_info, flow_code, measurement_key, object_id, object_id_lookup, object_key_lookup, sub_element_type, sub_item_type) VALUES (76, 164, 53, 'pm', 't00164n000009', 'report15_new', NULL, NULL, NULL, NULL, NULL, NULL, NULL, NULL, NULL, NULL, NULL, NULL, NULL, 1, 'fragment_date', '|', NULL, true, '2026-03-09 22:42:04.000 +0300', NULL, '2026-03-09 22:42:04.000 +0300', NULL, NULL, NULL, NULL, NULL, NULL, NULL, NULL, NULL);

-- t_all_column
INSERT INTO t_all_column (id, flow_id, all_table_id, schema_name, table_name, column_name, object_key, object_key2, column_name_lookup, column_description, column_order_id, column_type, column_formula, column_length, model_type, is_column_gen, column_gen_formula, is_column_agg, column_agg_formula, need_refresh, is_generated, is_failed, is_active, created_time, created_by, updated_time, updated_by, extra_info, flow_code) VALUES
  (905, 164, 53, 'pm', 't00164n000009', 'fragment_date', 'etlApp.constant_fragmentDate', NULL, NULL, NULL, 1, 'TIMESTAMPTZ', 'yyyy-mm-dd hh24:miZ', NULL, 'CONSTANT', false, NULL, false, NULL, false, true, false, true, '2026-03-09 22:42:04.000 +0300', NULL, '2026-03-09 22:42:04.000 +0300', NULL, NULL, NULL),
  (906, 164, 53, 'pm', 't00164n000009', 'file_id', 'etlApp.info_fileId', NULL, NULL, NULL, 2, 'VARCHAR', NULL, '100', 'INFO', false, NULL, false, NULL, false, true, false, true, '2026-03-09 22:42:04.000 +0300', NULL, '2026-03-09 22:42:04.000 +0300', NULL, NULL, NULL),
  (907, 164, 53, 'pm', 't00164n000009', 'line_index', 'etlApp.info_lineIndex', NULL, NULL, NULL, 3, 'VARCHAR', NULL, NULL, 'INFO', false, NULL, false, NULL, false, true, false, true, '2026-03-09 22:42:04.000 +0300', NULL, '2026-03-09 22:42:04.000 +0300', NULL, NULL, NULL),
  (908, 164, 53, 'pm', 't00164n000009', 'unique_row_code', 'etlApp.info_uniqueRowCode', NULL, NULL, NULL, 4, 'VARCHAR', NULL, '100', 'INFO', false, NULL, false, NULL, false, true, false, true, '2026-03-09 22:42:04.000 +0300', NULL, '2026-03-09 22:42:04.000 +0300', NULL, NULL, NULL),
  (909, 164, 53, 'pm', 't00164n000009', 'a', 'A', NULL, NULL, NULL, 5, 'NUMERIC', NULL, NULL, 'VARIABLE', false, NULL, false, NULL, false, true, false, true, '2026-03-09 22:42:04.000 +0300', NULL, '2026-03-09 22:42:04.000 +0300', NULL, NULL, NULL),
  (910, 164, 53, 'pm', 't00164n000009', 'adet_oran15', 'ADET_ORAN15', NULL, NULL, NULL, 6, 'NUMERIC', NULL, NULL, 'VARIABLE', false, NULL, false, NULL, false, true, false, true, '2026-03-09 22:42:04.000 +0300', NULL, '2026-03-09 22:42:04.000 +0300', NULL, NULL, NULL),
  (911, 164, 53, 'pm', 't00164n000009', 'b', 'B', NULL, NULL, NULL, 7, 'NUMERIC', NULL, NULL, 'VARIABLE', false, NULL, false, NULL, false, true, false, true, '2026-03-09 22:42:04.000 +0300', NULL, '2026-03-09 22:42:04.000 +0300', NULL, NULL, NULL),
  (912, 164, 53, 'pm', 't00164n000009', 'c', 'C', NULL, NULL, NULL, 8, 'NUMERIC', NULL, NULL, 'VARIABLE', false, NULL, false, NULL, false, true, false, true, '2026-03-09 22:42:04.000 +0300', NULL, '2026-03-09 22:42:04.000 +0300', NULL, NULL, NULL),
  (913, 164, 53, 'pm', 't00164n000009', 'c1', 'C1', NULL, NULL, NULL, 9, 'NUMERIC', NULL, NULL, 'VARIABLE', false, NULL, false, NULL, false, true, false, true, '2026-03-09 22:42:04.000 +0300', NULL, '2026-03-09 22:42:04.000 +0300', NULL, NULL, NULL),
  (914, 164, 53, 'pm', 't00164n000009', 'd', 'D', NULL, NULL, NULL, 10, 'NUMERIC', NULL, NULL, 'VARIABLE', false, NULL, false, NULL, false, true, false, true, '2026-03-09 22:42:04.000 +0300', NULL, '2026-03-09 22:42:04.000 +0300', NULL, NULL, NULL),
  (915, 164, 53, 'pm', 't00164n000009', 'd2', 'D2', NULL, NULL, NULL, 11, 'NUMERIC', NULL, NULL, 'VARIABLE', false, NULL, false, NULL, false, true, false, true, '2026-03-09 22:42:04.000 +0300', NULL, '2026-03-09 22:42:04.000 +0300', NULL, NULL, NULL),
  (916, 164, 53, 'pm', 't00164n000009', 'd4', 'D4', NULL, NULL, NULL, 12, 'NUMERIC', NULL, NULL, 'VARIABLE', false, NULL, false, NULL, false, true, false, true, '2026-03-09 22:42:04.000 +0300', NULL, '2026-03-09 22:42:04.000 +0300', NULL, NULL, NULL),
  (917, 164, 53, 'pm', 't00164n000009', 'report_date', 'REPORT_DATE', NULL, NULL, NULL, 13, 'NUMERIC', NULL, NULL, 'VARIABLE', false, NULL, false, NULL, false, true, false, true, '2026-03-09 22:42:04.000 +0300', NULL, '2026-03-09 22:42:04.000 +0300', NULL, NULL, NULL),
  (918, 164, 53, 'pm', 't00164n000009', 'sure_oran15', 'SURE_ORAN15', NULL, NULL, NULL, 14, 'NUMERIC', NULL, NULL, 'VARIABLE', false, NULL, false, NULL, false, true, false, true, '2026-03-09 22:42:04.000 +0300', NULL, '2026-03-09 22:42:04.000 +0300', NULL, NULL, NULL);


-- ═══════════════════════════════════════════════════
-- report_detail_new
-- ═══════════════════════════════════════════════════

-- t_all_table
INSERT INTO t_all_table (id, flow_id, db_catalog, schema_name, table_name, tablespace_name, table_name_alias, table_name_lookup, table_description, object_key, object_key2, object_type, element_type, node_type, item_type, table_type, sub_table_type, network_type, sub_network_type, data_type, data_interval, time_period, time_delay, need_refresh, is_generated, is_failed, is_active, created_time, created_by, updated_time, updated_by, extra_info, flow_code) VALUES (54, 164, NULL, 'pm', 't00164n000010', NULL, 't164n10', NULL, NULL, 'report_detail_new', NULL, NULL, NULL, NULL, NULL, NULL, NULL, NULL, NULL, NULL, 1, 1, NULL, false, true, false, true, '2026-03-09 22:42:04.000 +0300', NULL, '2026-03-09 22:42:04.000 +0300', NULL, NULL, NULL);

-- t_parse_table
INSERT INTO t_parse_table (id, flow_id, all_table_id, schema_name, table_name, object_key, object_type, element_type, node_type, item_type, table_type, sub_table_type, network_type, sub_network_type, group_type, data_type, data_source, table_group, data_group, date_column_index, date_column_name, result_file_delimiter, loader_target, is_active, created_time, created_by, updated_time, updated_by, extra_info, flow_code, measurement_key, object_id, object_id_lookup, object_key_lookup, sub_element_type, sub_item_type) VALUES (77, 164, 54, 'pm', 't00164n000010', 'report_detail_new', NULL, NULL, NULL, NULL, NULL, NULL, NULL, NULL, NULL, NULL, NULL, NULL, NULL, 1, 'fragment_date', '|', NULL, true, '2026-03-09 22:42:04.000 +0300', NULL, '2026-03-09 22:42:04.000 +0300', NULL, NULL, NULL, NULL, NULL, NULL, NULL, NULL, NULL);

-- t_all_column
INSERT INTO t_all_column (id, flow_id, all_table_id, schema_name, table_name, column_name, object_key, object_key2, column_name_lookup, column_description, column_order_id, column_type, column_formula, column_length, model_type, is_column_gen, column_gen_formula, is_column_agg, column_agg_formula, need_refresh, is_generated, is_failed, is_active, created_time, created_by, updated_time, updated_by, extra_info, flow_code) VALUES
  (919, 164, 54, 'pm', 't00164n000010', 'fragment_date', 'etlApp.constant_fragmentDate', NULL, NULL, NULL, 1, 'TIMESTAMPTZ', 'yyyy-mm-dd hh24:miZ', NULL, 'CONSTANT', false, NULL, false, NULL, false, true, false, true, '2026-03-09 22:42:04.000 +0300', NULL, '2026-03-09 22:42:04.000 +0300', NULL, NULL, NULL),
  (920, 164, 54, 'pm', 't00164n000010', 'file_id', 'etlApp.info_fileId', NULL, NULL, NULL, 2, 'VARCHAR', NULL, '100', 'INFO', false, NULL, false, NULL, false, true, false, true, '2026-03-09 22:42:04.000 +0300', NULL, '2026-03-09 22:42:04.000 +0300', NULL, NULL, NULL),
  (921, 164, 54, 'pm', 't00164n000010', 'line_index', 'etlApp.info_lineIndex', NULL, NULL, NULL, 3, 'VARCHAR', NULL, NULL, 'INFO', false, NULL, false, NULL, false, true, false, true, '2026-03-09 22:42:04.000 +0300', NULL, '2026-03-09 22:42:04.000 +0300', NULL, NULL, NULL),
  (922, 164, 54, 'pm', 't00164n000010', 'unique_row_code', 'etlApp.info_uniqueRowCode', NULL, NULL, NULL, 4, 'VARCHAR', NULL, '100', 'INFO', false, NULL, false, NULL, false, true, false, true, '2026-03-09 22:42:04.000 +0300', NULL, '2026-03-09 22:42:04.000 +0300', NULL, NULL, NULL),
  (923, 164, 54, 'pm', 't00164n000010', 'between_10_11', 'BETWEEN_10_11', NULL, NULL, NULL, 5, 'NUMERIC', NULL, NULL, 'VARIABLE', false, NULL, false, NULL, false, true, false, true, '2026-03-09 22:42:04.000 +0300', NULL, '2026-03-09 22:42:04.000 +0300', NULL, NULL, NULL),
  (924, 164, 54, 'pm', 't00164n000010', 'between_11_12', 'BETWEEN_11_12', NULL, NULL, NULL, 6, 'NUMERIC', NULL, NULL, 'VARIABLE', false, NULL, false, NULL, false, true, false, true, '2026-03-09 22:42:04.000 +0300', NULL, '2026-03-09 22:42:04.000 +0300', NULL, NULL, NULL),
  (925, 164, 54, 'pm', 't00164n000010', 'between_12_13', 'BETWEEN_12_13', NULL, NULL, NULL, 7, 'NUMERIC', NULL, NULL, 'VARIABLE', false, NULL, false, NULL, false, true, false, true, '2026-03-09 22:42:04.000 +0300', NULL, '2026-03-09 22:42:04.000 +0300', NULL, NULL, NULL),
  (926, 164, 54, 'pm', 't00164n000010', 'between_13_14', 'BETWEEN_13_14', NULL, NULL, NULL, 8, 'NUMERIC', NULL, NULL, 'VARIABLE', false, NULL, false, NULL, false, true, false, true, '2026-03-09 22:42:04.000 +0300', NULL, '2026-03-09 22:42:04.000 +0300', NULL, NULL, NULL),
  (927, 164, 54, 'pm', 't00164n000010', 'between_14_15', 'BETWEEN_14_15', NULL, NULL, NULL, 9, 'NUMERIC', NULL, NULL, 'VARIABLE', false, NULL, false, NULL, false, true, false, true, '2026-03-09 22:42:04.000 +0300', NULL, '2026-03-09 22:42:04.000 +0300', NULL, NULL, NULL),
  (928, 164, 54, 'pm', 't00164n000010', 'busy_hour', 'BUSY_HOUR', NULL, NULL, NULL, 10, 'NUMERIC', NULL, NULL, 'VARIABLE', false, NULL, false, NULL, false, true, false, true, '2026-03-09 22:42:04.000 +0300', NULL, '2026-03-09 22:42:04.000 +0300', NULL, NULL, NULL),
  (929, 164, 54, 'pm', 't00164n000010', 'day', 'DAY', NULL, NULL, NULL, 11, 'NUMERIC', NULL, NULL, 'VARIABLE', false, NULL, false, NULL, false, true, false, true, '2026-03-09 22:42:04.000 +0300', NULL, '2026-03-09 22:42:04.000 +0300', NULL, NULL, NULL),
  (930, 164, 54, 'pm', 't00164n000010', 'greater_than_15', 'GREATER_THAN_15', NULL, NULL, NULL, 12, 'NUMERIC', NULL, NULL, 'VARIABLE', false, NULL, false, NULL, false, true, false, true, '2026-03-09 22:42:04.000 +0300', NULL, '2026-03-09 22:42:04.000 +0300', NULL, NULL, NULL),
  (931, 164, 54, 'pm', 't00164n000010', 'less_than_10', 'LESS_THAN_10', NULL, NULL, NULL, 13, 'NUMERIC', NULL, NULL, 'VARIABLE', false, NULL, false, NULL, false, true, false, true, '2026-03-09 22:42:04.000 +0300', NULL, '2026-03-09 22:42:04.000 +0300', NULL, NULL, NULL),
  (932, 164, 54, 'pm', 't00164n000010', 'place_99_percent', 'PLACE_99_PERCENT', NULL, NULL, NULL, 14, 'NUMERIC', NULL, NULL, 'VARIABLE', false, NULL, false, NULL, false, true, false, true, '2026-03-09 22:42:04.000 +0300', NULL, '2026-03-09 22:42:04.000 +0300', NULL, NULL, NULL),
  (933, 164, 54, 'pm', 't00164n000010', 'time_of_99', 'TIME_OF_99', NULL, NULL, NULL, 15, 'NUMERIC', NULL, NULL, 'VARIABLE', false, NULL, false, NULL, false, true, false, true, '2026-03-09 22:42:04.000 +0300', NULL, '2026-03-09 22:42:04.000 +0300', NULL, NULL, NULL),
  (934, 164, 54, 'pm', 't00164n000010', 'total', 'TOTAL', NULL, NULL, NULL, 16, 'NUMERIC', NULL, NULL, 'VARIABLE', false, NULL, false, NULL, false, true, false, true, '2026-03-09 22:42:04.000 +0300', NULL, '2026-03-09 22:42:04.000 +0300', NULL, NULL, NULL);
