"id","flow_id","all_table_id","schema_name","table_name","column_name","object_key","object_key2","column_name_lookup","column_description","column_order_id","column_type","column_formula","column_length","model_type","is_column_gen","column_gen_formula","is_column_agg","column_agg_formula","need_refresh","is_generated","is_failed","is_active","created_time","created_by","updated_time","updated_by","extra_info","flow_code"
1411,171,69,pm,t00171n000002,t00171n000002c0034,"50332700",,,,34,NUMERIC,,,VARIABLE,false,,false,,true,false,false,true,2026-03-12 13:05:48.003 +0300,,,,,
1412,171,69,pm,t00171n000002,t00171n000002c0035,"50332701",,,,35,NUMERIC,,,VARIABLE,false,,false,,true,false,false,true,2026-03-12 13:05:48.003 +0300,,,,,
1413,171,69,pm,t00171n000002,t00171n000002c0036,"50332702",,,,36,NUMERIC,,,VARIABLE,false,,false,,true,false,false,true,2026-03-12 13:05:48.003 +0300,,,,,
1414,171,69,pm,t00171n000002,t00171n000002c0037,"50332703",,,,37,NUMERIC,,,VARIABLE,false,,false,,true,false,false,true,2026-03-12 13:05:48.003 +0300,,,,,
1378,171,69,pm,t00171n000002,line_index,etlApp.info_lineIndex,,,,1,VARCHAR,,,INFO,false,,false,,true,false,false,true,2026-03-12 13:05:48.003 +0300,,,,,
1379,171,69,pm,t00171n000002,unique_row_code,etlApp.info_uniqueRowCode,,,,2,VARCHAR,,100,INFO,false,,false,,true,false,false,true,2026-03-12 13:05:48.003 +0300,,,,,
1380,171,69,pm,t00171n000002,t00171n000002c0003,"50332578",,,,3,NUMERIC,,,VARIABLE,false,,false,,true,false,false,true,2026-03-12 13:05:48.003 +0300,,,,,
1381,171,69,pm,t00171n000002,t00171n000002c0004,"50332579",,,,4,NUMERIC,,,VARIABLE,false,,false,,true,false,false,true,2026-03-12 13:05:48.003 +0300,,,,,
1382,171,69,pm,t00171n000002,t00171n000002c0005,"50332580",,,,5,NUMERIC,,,VARIABLE,false,,false,,true,false,false,true,2026-03-12 13:05:48.003 +0300,,,,,
1383,171,69,pm,t00171n000002,t00171n000002c0006,"50332581",,,,6,NUMERIC,,,VARIABLE,false,,false,,true,false,false,true,2026-03-12 13:05:48.003 +0300,,,,,
1384,171,69,pm,t00171n000002,t00171n000002c0007,"50332673",,,,7,NUMERIC,,,VARIABLE,false,,false,,true,false,false,true,2026-03-12 13:05:48.003 +0300,,,,,
1385,171,69,pm,t00171n000002,t00171n000002c0008,"50332674",,,,8,NUMERIC,,,VARIABLE,false,,false,,true,false,false,true,2026-03-12 13:05:48.003 +0300,,,,,
1386,171,69,pm,t00171n000002,t00171n000002c0009,"50332675",,,,9,NUMERIC,,,VARIABLE,false,,false,,true,false,false,true,2026-03-12 13:05:48.003 +0300,,,,,
1387,171,69,pm,t00171n000002,t00171n000002c0010,"50332676",,,,10,NUMERIC,,,VARIABLE,false,,false,,true,false,false,true,2026-03-12 13:05:48.003 +0300,,,,,
1388,171,69,pm,t00171n000002,t00171n000002c0011,"50332677",,,,11,NUMERIC,,,VARIABLE,false,,false,,true,false,false,true,2026-03-12 13:05:48.003 +0300,,,,,
1389,171,69,pm,t00171n000002,t00171n000002c0012,"50332678",,,,12,NUMERIC,,,VARIABLE,false,,false,,true,false,false,true,2026-03-12 13:05:48.003 +0300,,,,,
1390,171,69,pm,t00171n000002,t00171n000002c0013,"50332679",,,,13,NUMERIC,,,VARIABLE,false,,false,,true,false,false,true,2026-03-12 13:05:48.003 +0300,,,,,
1391,171,69,pm,t00171n000002,t00171n000002c0014,"50332680",,,,14,NUMERIC,,,VARIABLE,false,,false,,true,false,false,true,2026-03-12 13:05:48.003 +0300,,,,,
1392,171,69,pm,t00171n000002,t00171n000002c0015,"50332681",,,,15,NUMERIC,,,VARIABLE,false,,false,,true,false,false,true,2026-03-12 13:05:48.003 +0300,,,,,
1393,171,69,pm,t00171n000002,t00171n000002c0016,"50332682",,,,16,NUMERIC,,,VARIABLE,false,,false,,true,false,false,true,2026-03-12 13:05:48.003 +0300,,,,,
1394,171,69,pm,t00171n000002,t00171n000002c0017,"50332683",,,,17,NUMERIC,,,VARIABLE,false,,false,,true,false,false,true,2026-03-12 13:05:48.003 +0300,,,,,
985,171,58,pm,t00171n000001,line_index,etlApp.info_lineIndex,,,,1,VARCHAR,,,INFO,false,,false,,false,false,true,true,2026-03-11 18:04:11.430 +0300,,2026-03-11 18:30:58.668 +0300,,,
986,171,58,pm,t00171n000001,unique_row_code,etlApp.info_uniqueRowCode,,,,2,VARCHAR,,100,INFO,false,,false,,false,false,true,true,2026-03-11 18:04:11.430 +0300,,2026-03-11 18:30:58.668 +0300,,,
987,171,58,pm,t00171n000001,t00171n000001c0003,"50331654",,,,3,NUMERIC,,,VARIABLE,false,,false,,false,false,true,true,2026-03-11 18:04:11.431 +0300,,2026-03-11 18:30:58.668 +0300,,,
988,171,58,pm,t00171n000001,t00171n000001c0004,"50331655",,,,4,NUMERIC,,,VARIABLE,false,,false,,false,false,true,true,2026-03-11 18:04:11.431 +0300,,2026-03-11 18:30:58.668 +0300,,,
989,171,58,pm,t00171n000001,t00171n000001c0005,"50331656",,,,5,NUMERIC,,,VARIABLE,false,,false,,false,false,true,true,2026-03-11 18:04:11.431 +0300,,2026-03-11 18:30:58.668 +0300,,,
990,171,58,pm,t00171n000001,t00171n000001c0006,"50331657",,,,6,NUMERIC,,,VARIABLE,false,,false,,false,false,true,true,2026-03-11 18:04:11.431 +0300,,2026-03-11 18:30:58.668 +0300,,,
991,171,58,pm,t00171n000001,t00171n000001c0007,"50331658",,,,7,NUMERIC,,,VARIABLE,false,,false,,false,false,true,true,2026-03-11 18:04:11.431 +0300,,2026-03-11 18:30:58.668 +0300,,,
992,171,58,pm,t00171n000001,t00171n000001c0008,"50331659",,,,8,NUMERIC,,,VARIABLE,false,,false,,false,false,true,true,2026-03-11 18:04:11.431 +0300,,2026-03-11 18:30:58.668 +0300,,,
993,171,58,pm,t00171n000001,t00171n000001c0009,"50331660",,,,9,NUMERIC,,,VARIABLE,false,,false,,false,false,true,true,2026-03-11 18:04:11.431 +0300,,2026-03-11 18:30:58.668 +0300,,,
994,171,58,pm,t00171n000001,t00171n000001c0010,"50331661",,,,10,NUMERIC,,,VARIABLE,false,,false,,false,false,true,true,2026-03-11 18:04:11.431 +0300,,2026-03-11 18:30:58.668 +0300,,,
995,171,58,pm,t00171n000001,t00171n000001c0011,"50331662",,,,11,NUMERIC,,,VARIABLE,false,,false,,false,false,true,true,2026-03-11 18:04:11.431 +0300,,2026-03-11 18:30:58.668 +0300,,,
996,171,58,pm,t00171n000001,t00171n000001c0012,"50331663",,,,12,NUMERIC,,,VARIABLE,false,,false,,false,false,true,true,2026-03-11 18:04:11.431 +0300,,2026-03-11 18:30:58.668 +0300,,,
997,171,58,pm,t00171n000001,t00171n000001c0013,"50331664",,,,13,NUMERIC,,,VARIABLE,false,,false,,false,false,true,true,2026-03-11 18:04:11.431 +0300,,2026-03-11 18:30:58.668 +0300,,,
998,171,58,pm,t00171n000001,t00171n000001c0014,"50331665",,,,14,NUMERIC,,,VARIABLE,false,,false,,false,false,true,true,2026-03-11 18:04:11.431 +0300,,2026-03-11 18:30:58.668 +0300,,,
999,171,58,pm,t00171n000001,t00171n000001c0015,"50331666",,,,15,NUMERIC,,,VARIABLE,false,,false,,false,false,true,true,2026-03-11 18:04:11.431 +0300,,2026-03-11 18:30:58.668 +0300,,,
1000,171,58,pm,t00171n000001,t00171n000001c0016,"50331667",,,,16,NUMERIC,,,VARIABLE,false,,false,,false,false,true,true,2026-03-11 18:04:11.431 +0300,,2026-03-11 18:30:58.668 +0300,,,
1001,171,58,pm,t00171n000001,t00171n000001c0017,"50331668",,,,17,NUMERIC,,,VARIABLE,false,,false,,false,false,true,true,2026-03-11 18:04:11.431 +0300,,2026-03-11 18:30:58.668 +0300,,,
1002,171,58,pm,t00171n000001,t00171n000001c0018,"50331669",,,,18,NUMERIC,,,VARIABLE,false,,false,,false,false,true,true,2026-03-11 18:04:11.431 +0300,,2026-03-11 18:30:58.668 +0300,,,
1003,171,58,pm,t00171n000001,t00171n000001c0019,"50331670",,,,19,NUMERIC,,,VARIABLE,false,,false,,false,false,true,true,2026-03-11 18:04:11.431 +0300,,2026-03-11 18:30:58.668 +0300,,,
1004,171,58,pm,t00171n000001,t00171n000001c0020,"50331671",,,,20,NUMERIC,,,VARIABLE,false,,false,,false,false,true,true,2026-03-11 18:04:11.431 +0300,,2026-03-11 18:30:58.668 +0300,,,
1005,171,58,pm,t00171n000001,t00171n000001c0021,"50331672",,,,21,NUMERIC,,,VARIABLE,false,,false,,false,false,true,true,2026-03-11 18:04:11.431 +0300,,2026-03-11 18:30:58.668 +0300,,,
1006,171,58,pm,t00171n000001,t00171n000001c0022,"50331673",,,,22,NUMERIC,,,VARIABLE,false,,false,,false,false,true,true,2026-03-11 18:04:11.431 +0300,,2026-03-11 18:30:58.668 +0300,,,
1007,171,58,pm,t00171n000001,t00171n000001c0023,"50331674",,,,23,NUMERIC,,,VARIABLE,false,,false,,false,false,true,true,2026-03-11 18:04:11.431 +0300,,2026-03-11 18:30:58.668 +0300,,,
1008,171,58,pm,t00171n000001,t00171n000001c0024,"50331675",,,,24,NUMERIC,,,VARIABLE,false,,false,,false,false,true,true,2026-03-11 18:04:11.431 +0300,,2026-03-11 18:30:58.668 +0300,,,
1009,171,58,pm,t00171n000001,t00171n000001c0025,"50331676",,,,25,NUMERIC,,,VARIABLE,false,,false,,false,false,true,true,2026-03-11 18:04:11.431 +0300,,2026-03-11 18:30:58.668 +0300,,,
1010,171,58,pm,t00171n000001,t00171n000001c0026,"50331677",,,,26,NUMERIC,,,VARIABLE,false,,false,,false,false,true,true,2026-03-11 18:04:11.431 +0300,,2026-03-11 18:30:58.668 +0300,,,
1011,171,58,pm,t00171n000001,t00171n000001c0027,"50331678",,,,27,NUMERIC,,,VARIABLE,false,,false,,false,false,true,true,2026-03-11 18:04:11.431 +0300,,2026-03-11 18:30:58.668 +0300,,,
1012,171,58,pm,t00171n000001,t00171n000001c0028,"50331679",,,,28,NUMERIC,,,VARIABLE,false,,false,,false,false,true,true,2026-03-11 18:04:11.431 +0300,,2026-03-11 18:30:58.668 +0300,,,
1013,171,58,pm,t00171n000001,t00171n000001c0029,"50331680",,,,29,NUMERIC,,,VARIABLE,false,,false,,false,false,true,true,2026-03-11 18:04:11.431 +0300,,2026-03-11 18:30:58.668 +0300,,,
1014,171,58,pm,t00171n000001,t00171n000001c0030,"50331681",,,,30,NUMERIC,,,VARIABLE,false,,false,,false,false,true,true,2026-03-11 18:04:11.431 +0300,,2026-03-11 18:30:58.668 +0300,,,
1015,171,58,pm,t00171n000001,t00171n000001c0031,"50331682",,,,31,NUMERIC,,,VARIABLE,false,,false,,false,false,true,true,2026-03-11 18:04:11.431 +0300,,2026-03-11 18:30:58.668 +0300,,,
1016,171,58,pm,t00171n000001,t00171n000001c0032,"50331683",,,,32,NUMERIC,,,VARIABLE,false,,false,,false,false,true,true,2026-03-11 18:04:11.431 +0300,,2026-03-11 18:30:58.668 +0300,,,
1017,171,58,pm,t00171n000001,t00171n000001c0033,"50331684",,,,33,NUMERIC,,,VARIABLE,false,,false,,false,false,true,true,2026-03-11 18:04:11.431 +0300,,2026-03-11 18:30:58.668 +0300,,,
1018,171,58,pm,t00171n000001,t00171n000001c0034,"50331685",,,,34,NUMERIC,,,VARIABLE,false,,false,,false,false,true,true,2026-03-11 18:04:11.431 +0300,,2026-03-11 18:30:58.668 +0300,,,
1019,171,58,pm,t00171n000001,t00171n000001c0035,"50331686",,,,35,NUMERIC,,,VARIABLE,false,,false,,false,false,true,true,2026-03-11 18:04:11.431 +0300,,2026-03-11 18:30:58.668 +0300,,,
1020,171,58,pm,t00171n000001,t00171n000001c0036,"50331687",,,,36,NUMERIC,,,VARIABLE,false,,false,,false,false,true,true,2026-03-11 18:04:11.431 +0300,,2026-03-11 18:30:58.668 +0300,,,
1021,171,58,pm,t00171n000001,t00171n000001c0037,"50331688",,,,37,NUMERIC,,,VARIABLE,false,,false,,false,false,true,true,2026-03-11 18:04:11.432 +0300,,2026-03-11 18:30:58.668 +0300,,,
1022,171,58,pm,t00171n000001,t00171n000001c0038,"50331689",,,,38,NUMERIC,,,VARIABLE,false,,false,,false,false,true,true,2026-03-11 18:04:11.432 +0300,,2026-03-11 18:30:58.668 +0300,,,
1023,171,58,pm,t00171n000001,t00171n000001c0039,"50331690",,,,39,NUMERIC,,,VARIABLE,false,,false,,false,false,true,true,2026-03-11 18:04:11.432 +0300,,2026-03-11 18:30:58.668 +0300,,,
1024,171,58,pm,t00171n000001,t00171n000001c0040,"50331691",,,,40,NUMERIC,,,VARIABLE,false,,false,,false,false,true,true,2026-03-11 18:04:11.432 +0300,,2026-03-11 18:30:58.668 +0300,,,
1025,171,58,pm,t00171n000001,t00171n000001c0041,"50331692",,,,41,NUMERIC,,,VARIABLE,false,,false,,false,false,true,true,2026-03-11 18:04:11.432 +0300,,2026-03-11 18:30:58.668 +0300,,,
1026,171,58,pm,t00171n000001,t00171n000001c0042,"50331693",,,,42,NUMERIC,,,VARIABLE,false,,false,,false,false,true,true,2026-03-11 18:04:11.432 +0300,,2026-03-11 18:30:58.668 +0300,,,
1027,171,58,pm,t00171n000001,t00171n000001c0043,"50331694",,,,43,NUMERIC,,,VARIABLE,false,,false,,false,false,true,true,2026-03-11 18:04:11.432 +0300,,2026-03-11 18:30:58.668 +0300,,,
1028,171,58,pm,t00171n000001,t00171n000001c0044,"50331695",,,,44,NUMERIC,,,VARIABLE,false,,false,,false,false,true,true,2026-03-11 18:04:11.432 +0300,,2026-03-11 18:30:58.668 +0300,,,
1029,171,58,pm,t00171n000001,t00171n000001c0045,"50331696",,,,45,NUMERIC,,,VARIABLE,false,,false,,false,false,true,true,2026-03-11 18:04:11.432 +0300,,2026-03-11 18:30:58.668 +0300,,,
1030,171,58,pm,t00171n000001,t00171n000001c0046,"50331697",,,,46,NUMERIC,,,VARIABLE,false,,false,,false,false,true,true,2026-03-11 18:04:11.432 +0300,,2026-03-11 18:30:58.668 +0300,,,
1031,171,58,pm,t00171n000001,t00171n000001c0047,"50331698",,,,47,NUMERIC,,,VARIABLE,false,,false,,false,false,true,true,2026-03-11 18:04:11.432 +0300,,2026-03-11 18:30:58.668 +0300,,,
1032,171,58,pm,t00171n000001,t00171n000001c0048,"50331699",,,,48,NUMERIC,,,VARIABLE,false,,false,,false,false,true,true,2026-03-11 18:04:11.432 +0300,,2026-03-11 18:30:58.668 +0300,,,
1033,171,58,pm,t00171n000001,t00171n000001c0049,"50331709",,,,49,NUMERIC,,,VARIABLE,false,,false,,false,false,true,true,2026-03-11 18:04:11.432 +0300,,2026-03-11 18:30:58.668 +0300,,,
1034,171,58,pm,t00171n000001,t00171n000001c0050,"50331710",,,,50,NUMERIC,,,VARIABLE,false,,false,,false,false,true,true,2026-03-11 18:04:11.432 +0300,,2026-03-11 18:30:58.668 +0300,,,
1035,171,58,pm,t00171n000001,t00171n000001c0051,"50331711",,,,51,NUMERIC,,,VARIABLE,false,,false,,false,false,true,true,2026-03-11 18:04:11.432 +0300,,2026-03-11 18:30:58.668 +0300,,,
1036,171,58,pm,t00171n000001,t00171n000001c0052,"50331712",,,,52,NUMERIC,,,VARIABLE,false,,false,,false,false,true,true,2026-03-11 18:04:11.432 +0300,,2026-03-11 18:30:58.668 +0300,,,
1037,171,58,pm,t00171n000001,t00171n000001c0053,"50331713",,,,53,NUMERIC,,,VARIABLE,false,,false,,false,false,true,true,2026-03-11 18:04:11.432 +0300,,2026-03-11 18:30:58.668 +0300,,,
1038,171,58,pm,t00171n000001,t00171n000001c0054,"50331714",,,,54,NUMERIC,,,VARIABLE,false,,false,,false,false,true,true,2026-03-11 18:04:11.432 +0300,,2026-03-11 18:30:58.668 +0300,,,
1039,171,58,pm,t00171n000001,t00171n000001c0055,"50331717",,,,55,NUMERIC,,,VARIABLE,false,,false,,false,false,true,true,2026-03-11 18:04:11.432 +0300,,2026-03-11 18:30:58.668 +0300,,,
1040,171,58,pm,t00171n000001,t00171n000001c0056,"50331718",,,,56,NUMERIC,,,VARIABLE,false,,false,,false,false,true,true,2026-03-11 18:04:11.432 +0300,,2026-03-11 18:30:58.668 +0300,,,
1041,171,58,pm,t00171n000001,t00171n000001c0057,"50331719",,,,57,NUMERIC,,,VARIABLE,false,,false,,false,false,true,true,2026-03-11 18:04:11.432 +0300,,2026-03-11 18:30:58.668 +0300,,,
1042,171,58,pm,t00171n000001,t00171n000001c0058,"50331720",,,,58,NUMERIC,,,VARIABLE,false,,false,,false,false,true,true,2026-03-11 18:04:11.432 +0300,,2026-03-11 18:30:58.668 +0300,,,
1043,171,58,pm,t00171n000001,t00171n000001c0059,"50331721",,,,59,NUMERIC,,,VARIABLE,false,,false,,false,false,true,true,2026-03-11 18:04:11.432 +0300,,2026-03-11 18:30:58.668 +0300,,,
1044,171,58,pm,t00171n000001,t00171n000001c0060,"50331722",,,,60,NUMERIC,,,VARIABLE,false,,false,,false,false,true,true,2026-03-11 18:04:11.432 +0300,,2026-03-11 18:30:58.668 +0300,,,
1045,171,58,pm,t00171n000001,t00171n000001c0061,"50331723",,,,61,NUMERIC,,,VARIABLE,false,,false,,false,false,true,true,2026-03-11 18:04:11.432 +0300,,2026-03-11 18:30:58.668 +0300,,,
1046,171,58,pm,t00171n000001,t00171n000001c0062,"50331724",,,,62,NUMERIC,,,VARIABLE,false,,false,,false,false,true,true,2026-03-11 18:04:11.432 +0300,,2026-03-11 18:30:58.668 +0300,,,
1047,171,58,pm,t00171n000001,t00171n000001c0063,"50331725",,,,63,NUMERIC,,,VARIABLE,false,,false,,false,false,true,true,2026-03-11 18:04:11.432 +0300,,2026-03-11 18:30:58.668 +0300,,,
1048,171,58,pm,t00171n000001,t00171n000001c0064,"50331726",,,,64,NUMERIC,,,VARIABLE,false,,false,,false,false,true,true,2026-03-11 18:04:11.432 +0300,,2026-03-11 18:30:58.668 +0300,,,
1049,171,58,pm,t00171n000001,t00171n000001c0065,"50331727",,,,65,NUMERIC,,,VARIABLE,false,,false,,false,false,true,true,2026-03-11 18:04:11.432 +0300,,2026-03-11 18:30:58.668 +0300,,,
1050,171,58,pm,t00171n000001,t00171n000001c0066,"50331728",,,,66,NUMERIC,,,VARIABLE,false,,false,,false,false,true,true,2026-03-11 18:04:11.432 +0300,,2026-03-11 18:30:58.668 +0300,,,
1051,171,58,pm,t00171n000001,t00171n000001c0067,"50331729",,,,67,NUMERIC,,,VARIABLE,false,,false,,false,false,true,true,2026-03-11 18:04:11.432 +0300,,2026-03-11 18:30:58.668 +0300,,,
1052,171,58,pm,t00171n000001,t00171n000001c0068,"50331745",,,,68,NUMERIC,,,VARIABLE,false,,false,,false,false,true,true,2026-03-11 18:04:11.432 +0300,,2026-03-11 18:30:58.668 +0300,,,
1053,171,58,pm,t00171n000001,t00171n000001c0069,"50331746",,,,69,NUMERIC,,,VARIABLE,false,,false,,false,false,true,true,2026-03-11 18:04:11.432 +0300,,2026-03-11 18:30:58.668 +0300,,,
1054,171,58,pm,t00171n000001,t00171n000001c0070,"50331754",,,,70,NUMERIC,,,VARIABLE,false,,false,,false,false,true,true,2026-03-11 18:04:11.432 +0300,,2026-03-11 18:30:58.668 +0300,,,
1055,171,58,pm,t00171n000001,t00171n000001c0071,"50331755",,,,71,NUMERIC,,,VARIABLE,false,,false,,false,false,true,true,2026-03-11 18:04:11.433 +0300,,2026-03-11 18:30:58.668 +0300,,,
1056,171,58,pm,t00171n000001,t00171n000001c0072,"50331756",,,,72,NUMERIC,,,VARIABLE,false,,false,,false,false,true,true,2026-03-11 18:04:11.433 +0300,,2026-03-11 18:30:58.668 +0300,,,
1057,171,58,pm,t00171n000001,t00171n000001c0073,"50331757",,,,73,NUMERIC,,,VARIABLE,false,,false,,false,false,true,true,2026-03-11 18:04:11.433 +0300,,2026-03-11 18:30:58.668 +0300,,,
1058,171,58,pm,t00171n000001,t00171n000001c0074,"50331758",,,,74,NUMERIC,,,VARIABLE,false,,false,,false,false,true,true,2026-03-11 18:04:11.433 +0300,,2026-03-11 18:30:58.668 +0300,,,
1059,171,58,pm,t00171n000001,t00171n000001c0075,"50331759",,,,75,NUMERIC,,,VARIABLE,false,,false,,false,false,true,true,2026-03-11 18:04:11.433 +0300,,2026-03-11 18:30:58.668 +0300,,,
1060,171,58,pm,t00171n000001,t00171n000001c0076,"50331760",,,,76,NUMERIC,,,VARIABLE,false,,false,,false,false,true,true,2026-03-11 18:04:11.433 +0300,,2026-03-11 18:30:58.668 +0300,,,
1061,171,58,pm,t00171n000001,t00171n000001c0077,"50331761",,,,77,NUMERIC,,,VARIABLE,false,,false,,false,false,true,true,2026-03-11 18:04:11.433 +0300,,2026-03-11 18:30:58.668 +0300,,,
1062,171,58,pm,t00171n000001,t00171n000001c0078,"50331762",,,,78,NUMERIC,,,VARIABLE,false,,false,,false,false,true,true,2026-03-11 18:04:11.433 +0300,,2026-03-11 18:30:58.668 +0300,,,
1063,171,58,pm,t00171n000001,t00171n000001c0079,"50331763",,,,79,NUMERIC,,,VARIABLE,false,,false,,false,false,true,true,2026-03-11 18:04:11.433 +0300,,2026-03-11 18:30:58.668 +0300,,,
1064,171,58,pm,t00171n000001,t00171n000001c0080,"50331764",,,,80,NUMERIC,,,VARIABLE,false,,false,,false,false,true,true,2026-03-11 18:04:11.433 +0300,,2026-03-11 18:30:58.668 +0300,,,
1065,171,58,pm,t00171n000001,t00171n000001c0081,"50331765",,,,81,NUMERIC,,,VARIABLE,false,,false,,false,false,true,true,2026-03-11 18:04:11.433 +0300,,2026-03-11 18:30:58.668 +0300,,,
1066,171,58,pm,t00171n000001,t00171n000001c0082,"50331766",,,,82,NUMERIC,,,VARIABLE,false,,false,,false,false,true,true,2026-03-11 18:04:11.433 +0300,,2026-03-11 18:30:58.668 +0300,,,
1067,171,58,pm,t00171n000001,t00171n000001c0083,"50331767",,,,83,NUMERIC,,,VARIABLE,false,,false,,false,false,true,true,2026-03-11 18:04:11.433 +0300,,2026-03-11 18:30:58.668 +0300,,,
1068,171,58,pm,t00171n000001,t00171n000001c0084,"50331768",,,,84,NUMERIC,,,VARIABLE,false,,false,,false,false,true,true,2026-03-11 18:04:11.433 +0300,,2026-03-11 18:30:58.668 +0300,,,
1069,171,58,pm,t00171n000001,t00171n000001c0085,"50331769",,,,85,NUMERIC,,,VARIABLE,false,,false,,false,false,true,true,2026-03-11 18:04:11.433 +0300,,2026-03-11 18:30:58.668 +0300,,,
1070,171,58,pm,t00171n000001,t00171n000001c0086,"50331770",,,,86,NUMERIC,,,VARIABLE,false,,false,,false,false,true,true,2026-03-11 18:04:11.433 +0300,,2026-03-11 18:30:58.668 +0300,,,
1071,171,58,pm,t00171n000001,t00171n000001c0087,"50331771",,,,87,NUMERIC,,,VARIABLE,false,,false,,false,false,true,true,2026-03-11 18:04:11.433 +0300,,2026-03-11 18:30:58.668 +0300,,,
1072,171,58,pm,t00171n000001,t00171n000001c0088,"50331772",,,,88,NUMERIC,,,VARIABLE,false,,false,,false,false,true,true,2026-03-11 18:04:11.433 +0300,,2026-03-11 18:30:58.668 +0300,,,
1073,171,58,pm,t00171n000001,t00171n000001c0089,"50331773",,,,89,NUMERIC,,,VARIABLE,false,,false,,false,false,true,true,2026-03-11 18:04:11.433 +0300,,2026-03-11 18:30:58.668 +0300,,,
1074,171,58,pm,t00171n000001,t00171n000001c0090,"50331774",,,,90,NUMERIC,,,VARIABLE,false,,false,,false,false,true,true,2026-03-11 18:04:11.433 +0300,,2026-03-11 18:30:58.668 +0300,,,
1075,171,58,pm,t00171n000001,t00171n000001c0091,"50331775",,,,91,NUMERIC,,,VARIABLE,false,,false,,false,false,true,true,2026-03-11 18:04:11.433 +0300,,2026-03-11 18:30:58.668 +0300,,,
1076,171,58,pm,t00171n000001,t00171n000001c0092,"50331776",,,,92,NUMERIC,,,VARIABLE,false,,false,,false,false,true,true,2026-03-11 18:04:11.433 +0300,,2026-03-11 18:30:58.668 +0300,,,
1077,171,58,pm,t00171n000001,t00171n000001c0093,"50331777",,,,93,NUMERIC,,,VARIABLE,false,,false,,false,false,true,true,2026-03-11 18:04:11.433 +0300,,2026-03-11 18:30:58.668 +0300,,,
1078,171,58,pm,t00171n000001,t00171n000001c0094,"50331778",,,,94,NUMERIC,,,VARIABLE,false,,false,,false,false,true,true,2026-03-11 18:04:11.433 +0300,,2026-03-11 18:30:58.668 +0300,,,
1079,171,58,pm,t00171n000001,t00171n000001c0095,"50331779",,,,95,NUMERIC,,,VARIABLE,false,,false,,false,false,true,true,2026-03-11 18:04:11.433 +0300,,2026-03-11 18:30:58.668 +0300,,,
1080,171,58,pm,t00171n000001,t00171n000001c0096,"50331780",,,,96,NUMERIC,,,VARIABLE,false,,false,,false,false,true,true,2026-03-11 18:04:11.433 +0300,,2026-03-11 18:30:58.668 +0300,,,
1081,171,58,pm,t00171n000001,t00171n000001c0097,"50331781",,,,97,NUMERIC,,,VARIABLE,false,,false,,false,false,true,true,2026-03-11 18:04:11.433 +0300,,2026-03-11 18:30:58.668 +0300,,,
1082,171,58,pm,t00171n000001,t00171n000001c0098,"50331782",,,,98,NUMERIC,,,VARIABLE,false,,false,,false,false,true,true,2026-03-11 18:04:11.433 +0300,,2026-03-11 18:30:58.668 +0300,,,
1083,171,58,pm,t00171n000001,t00171n000001c0099,"50331783",,,,99,NUMERIC,,,VARIABLE,false,,false,,false,false,true,true,2026-03-11 18:04:11.433 +0300,,2026-03-11 18:30:58.668 +0300,,,
1084,171,58,pm,t00171n000001,t00171n000001c0100,"50331784",,,,100,NUMERIC,,,VARIABLE,false,,false,,false,false,true,true,2026-03-11 18:04:11.433 +0300,,2026-03-11 18:30:58.668 +0300,,,
1085,171,58,pm,t00171n000001,t00171n000001c0101,"50331785",,,,101,NUMERIC,,,VARIABLE,false,,false,,false,false,true,true,2026-03-11 18:04:11.433 +0300,,2026-03-11 18:30:58.668 +0300,,,
1086,171,58,pm,t00171n000001,t00171n000001c0102,"50331786",,,,102,NUMERIC,,,VARIABLE,false,,false,,false,false,true,true,2026-03-11 18:04:11.433 +0300,,2026-03-11 18:30:58.668 +0300,,,
1087,171,58,pm,t00171n000001,t00171n000001c0103,"50331787",,,,103,NUMERIC,,,VARIABLE,false,,false,,false,false,true,true,2026-03-11 18:04:11.433 +0300,,2026-03-11 18:30:58.668 +0300,,,
1088,171,58,pm,t00171n000001,t00171n000001c0104,"50331788",,,,104,NUMERIC,,,VARIABLE,false,,false,,false,false,true,true,2026-03-11 18:04:11.433 +0300,,2026-03-11 18:30:58.668 +0300,,,
1089,171,58,pm,t00171n000001,t00171n000001c0105,"50331789",,,,105,NUMERIC,,,VARIABLE,false,,false,,false,false,true,true,2026-03-11 18:04:11.433 +0300,,2026-03-11 18:30:58.668 +0300,,,
1090,171,58,pm,t00171n000001,t00171n000001c0106,"50331790",,,,106,NUMERIC,,,VARIABLE,false,,false,,false,false,true,true,2026-03-11 18:04:11.433 +0300,,2026-03-11 18:30:58.668 +0300,,,
1091,171,58,pm,t00171n000001,t00171n000001c0107,"50331791",,,,107,NUMERIC,,,VARIABLE,false,,false,,false,false,true,true,2026-03-11 18:04:11.433 +0300,,2026-03-11 18:30:58.668 +0300,,,
1092,171,58,pm,t00171n000001,t00171n000001c0108,"50331792",,,,108,NUMERIC,,,VARIABLE,false,,false,,false,false,true,true,2026-03-11 18:04:11.434 +0300,,2026-03-11 18:30:58.668 +0300,,,
1093,171,58,pm,t00171n000001,t00171n000001c0109,"50331793",,,,109,NUMERIC,,,VARIABLE,false,,false,,false,false,true,true,2026-03-11 18:04:11.434 +0300,,2026-03-11 18:30:58.668 +0300,,,
1094,171,58,pm,t00171n000001,t00171n000001c0110,"50331794",,,,110,NUMERIC,,,VARIABLE,false,,false,,false,false,true,true,2026-03-11 18:04:11.434 +0300,,2026-03-11 18:30:58.668 +0300,,,
1095,171,58,pm,t00171n000001,t00171n000001c0111,"50331795",,,,111,NUMERIC,,,VARIABLE,false,,false,,false,false,true,true,2026-03-11 18:04:11.434 +0300,,2026-03-11 18:30:58.668 +0300,,,
1096,171,58,pm,t00171n000001,t00171n000001c0112,"50331796",,,,112,NUMERIC,,,VARIABLE,false,,false,,false,false,true,true,2026-03-11 18:04:11.434 +0300,,2026-03-11 18:30:58.668 +0300,,,
1097,171,58,pm,t00171n000001,t00171n000001c0113,"50331797",,,,113,NUMERIC,,,VARIABLE,false,,false,,false,false,true,true,2026-03-11 18:04:11.434 +0300,,2026-03-11 18:30:58.668 +0300,,,
1098,171,58,pm,t00171n000001,t00171n000001c0114,"50331798",,,,114,NUMERIC,,,VARIABLE,false,,false,,false,false,true,true,2026-03-11 18:04:11.434 +0300,,2026-03-11 18:30:58.668 +0300,,,
1099,171,58,pm,t00171n000001,t00171n000001c0115,"50331799",,,,115,NUMERIC,,,VARIABLE,false,,false,,false,false,true,true,2026-03-11 18:04:11.434 +0300,,2026-03-11 18:30:58.668 +0300,,,
1100,171,58,pm,t00171n000001,t00171n000001c0116,"50331800",,,,116,NUMERIC,,,VARIABLE,false,,false,,false,false,true,true,2026-03-11 18:04:11.434 +0300,,2026-03-11 18:30:58.668 +0300,,,
1101,171,58,pm,t00171n000001,t00171n000001c0117,"50331801",,,,117,NUMERIC,,,VARIABLE,false,,false,,false,false,true,true,2026-03-11 18:04:11.434 +0300,,2026-03-11 18:30:58.668 +0300,,,
1102,171,58,pm,t00171n000001,t00171n000001c0118,"50331802",,,,118,NUMERIC,,,VARIABLE,false,,false,,false,false,true,true,2026-03-11 18:04:11.434 +0300,,2026-03-11 18:30:58.668 +0300,,,
1103,171,58,pm,t00171n000001,t00171n000001c0119,"50331803",,,,119,NUMERIC,,,VARIABLE,false,,false,,false,false,true,true,2026-03-11 18:04:11.434 +0300,,2026-03-11 18:30:58.668 +0300,,,
1104,171,58,pm,t00171n000001,t00171n000001c0120,"50331804",,,,120,NUMERIC,,,VARIABLE,false,,false,,false,false,true,true,2026-03-11 18:04:11.434 +0300,,2026-03-11 18:30:58.668 +0300,,,
1105,171,58,pm,t00171n000001,t00171n000001c0121,"50331805",,,,121,NUMERIC,,,VARIABLE,false,,false,,false,false,true,true,2026-03-11 18:04:11.434 +0300,,2026-03-11 18:30:58.668 +0300,,,
1106,171,58,pm,t00171n000001,t00171n000001c0122,"50331806",,,,122,NUMERIC,,,VARIABLE,false,,false,,false,false,true,true,2026-03-11 18:04:11.434 +0300,,2026-03-11 18:30:58.668 +0300,,,
1107,171,58,pm,t00171n000001,t00171n000001c0123,"50331807",,,,123,NUMERIC,,,VARIABLE,false,,false,,false,false,true,true,2026-03-11 18:04:11.434 +0300,,2026-03-11 18:30:58.668 +0300,,,
1108,171,58,pm,t00171n000001,t00171n000001c0124,"50331808",,,,124,NUMERIC,,,VARIABLE,false,,false,,false,false,true,true,2026-03-11 18:04:11.434 +0300,,2026-03-11 18:30:58.668 +0300,,,
1109,171,58,pm,t00171n000001,t00171n000001c0125,"50331809",,,,125,NUMERIC,,,VARIABLE,false,,false,,false,false,true,true,2026-03-11 18:04:11.434 +0300,,2026-03-11 18:30:58.668 +0300,,,
1110,171,58,pm,t00171n000001,t00171n000001c0126,"50331810",,,,126,NUMERIC,,,VARIABLE,false,,false,,false,false,true,true,2026-03-11 18:04:11.434 +0300,,2026-03-11 18:30:58.668 +0300,,,
1111,171,58,pm,t00171n000001,t00171n000001c0127,"50331811",,,,127,NUMERIC,,,VARIABLE,false,,false,,false,false,true,true,2026-03-11 18:04:11.434 +0300,,2026-03-11 18:30:58.668 +0300,,,
1112,171,58,pm,t00171n000001,t00171n000001c0128,"50331812",,,,128,NUMERIC,,,VARIABLE,false,,false,,false,false,true,true,2026-03-11 18:04:11.434 +0300,,2026-03-11 18:30:58.668 +0300,,,
1113,171,58,pm,t00171n000001,t00171n000001c0129,"50331813",,,,129,NUMERIC,,,VARIABLE,false,,false,,false,false,true,true,2026-03-11 18:04:11.434 +0300,,2026-03-11 18:30:58.668 +0300,,,
1114,171,58,pm,t00171n000001,t00171n000001c0130,"50331814",,,,130,NUMERIC,,,VARIABLE,false,,false,,false,false,true,true,2026-03-11 18:04:11.434 +0300,,2026-03-11 18:30:58.668 +0300,,,
1115,171,58,pm,t00171n000001,t00171n000001c0131,"50331815",,,,131,NUMERIC,,,VARIABLE,false,,false,,false,false,true,true,2026-03-11 18:04:11.435 +0300,,2026-03-11 18:30:58.668 +0300,,,
1116,171,58,pm,t00171n000001,t00171n000001c0132,"50331816",,,,132,NUMERIC,,,VARIABLE,false,,false,,false,false,true,true,2026-03-11 18:04:11.435 +0300,,2026-03-11 18:30:58.668 +0300,,,
1117,171,58,pm,t00171n000001,t00171n000001c0133,"50331817",,,,133,NUMERIC,,,VARIABLE,false,,false,,false,false,true,true,2026-03-11 18:04:11.435 +0300,,2026-03-11 18:30:58.668 +0300,,,
1118,171,58,pm,t00171n000001,t00171n000001c0134,"50331818",,,,134,NUMERIC,,,VARIABLE,false,,false,,false,false,true,true,2026-03-11 18:04:11.435 +0300,,2026-03-11 18:30:58.668 +0300,,,
1119,171,58,pm,t00171n000001,t00171n000001c0135,"50331819",,,,135,NUMERIC,,,VARIABLE,false,,false,,false,false,true,true,2026-03-11 18:04:11.435 +0300,,2026-03-11 18:30:58.668 +0300,,,
1120,171,58,pm,t00171n000001,t00171n000001c0136,"50331820",,,,136,NUMERIC,,,VARIABLE,false,,false,,false,false,true,true,2026-03-11 18:04:11.435 +0300,,2026-03-11 18:30:58.668 +0300,,,
1121,171,58,pm,t00171n000001,t00171n000001c0137,"50331821",,,,137,NUMERIC,,,VARIABLE,false,,false,,false,false,true,true,2026-03-11 18:04:11.435 +0300,,2026-03-11 18:30:58.668 +0300,,,
1122,171,58,pm,t00171n000001,t00171n000001c0138,"50331822",,,,138,NUMERIC,,,VARIABLE,false,,false,,false,false,true,true,2026-03-11 18:04:11.435 +0300,,2026-03-11 18:30:58.668 +0300,,,
1123,171,58,pm,t00171n000001,t00171n000001c0139,"50331823",,,,139,NUMERIC,,,VARIABLE,false,,false,,false,false,true,true,2026-03-11 18:04:11.435 +0300,,2026-03-11 18:30:58.668 +0300,,,
1124,171,58,pm,t00171n000001,t00171n000001c0140,"50331838",,,,140,NUMERIC,,,VARIABLE,false,,false,,false,false,true,true,2026-03-11 18:04:11.435 +0300,,2026-03-11 18:30:58.668 +0300,,,
1125,171,58,pm,t00171n000001,t00171n000001c0141,"50331839",,,,141,NUMERIC,,,VARIABLE,false,,false,,false,false,true,true,2026-03-11 18:04:11.435 +0300,,2026-03-11 18:30:58.668 +0300,,,
1126,171,58,pm,t00171n000001,t00171n000001c0142,"50331840",,,,142,NUMERIC,,,VARIABLE,false,,false,,false,false,true,true,2026-03-11 18:04:11.435 +0300,,2026-03-11 18:30:58.668 +0300,,,
1127,171,58,pm,t00171n000001,t00171n000001c0143,"50332168",,,,143,NUMERIC,,,VARIABLE,false,,false,,false,false,true,true,2026-03-11 18:04:11.435 +0300,,2026-03-11 18:30:58.668 +0300,,,
1128,171,58,pm,t00171n000001,t00171n000001c0144,"50332169",,,,144,NUMERIC,,,VARIABLE,false,,false,,false,false,true,true,2026-03-11 18:04:11.435 +0300,,2026-03-11 18:30:58.668 +0300,,,
1129,171,58,pm,t00171n000001,t00171n000001c0145,"50332170",,,,145,NUMERIC,,,VARIABLE,false,,false,,false,false,true,true,2026-03-11 18:04:11.435 +0300,,2026-03-11 18:30:58.668 +0300,,,
1130,171,58,pm,t00171n000001,t00171n000001c0146,"50332173",,,,146,NUMERIC,,,VARIABLE,false,,false,,false,false,true,true,2026-03-11 18:04:11.435 +0300,,2026-03-11 18:30:58.668 +0300,,,
1131,171,58,pm,t00171n000001,t00171n000001c0147,"50332174",,,,147,NUMERIC,,,VARIABLE,false,,false,,false,false,true,true,2026-03-11 18:04:11.435 +0300,,2026-03-11 18:30:58.668 +0300,,,
1132,171,58,pm,t00171n000001,t00171n000001c0148,"50332215",,,,148,NUMERIC,,,VARIABLE,false,,false,,false,false,true,true,2026-03-11 18:04:11.435 +0300,,2026-03-11 18:30:58.668 +0300,,,
1133,171,58,pm,t00171n000001,t00171n000001c0149,"50332216",,,,149,NUMERIC,,,VARIABLE,false,,false,,false,false,true,true,2026-03-11 18:04:11.435 +0300,,2026-03-11 18:30:58.668 +0300,,,
1134,171,58,pm,t00171n000001,t00171n000001c0150,"50332217",,,,150,NUMERIC,,,VARIABLE,false,,false,,false,false,true,true,2026-03-11 18:04:11.435 +0300,,2026-03-11 18:30:58.668 +0300,,,
1136,171,58,pm,t00171n000001,t00171n000001c0152,"50341649",,,,152,NUMERIC,,,VARIABLE,false,,false,,false,false,true,true,2026-03-11 18:04:11.435 +0300,,2026-03-11 18:30:58.668 +0300,,,
1137,171,58,pm,t00171n000001,t00171n000001c0153,"50341650",,,,153,NUMERIC,,,VARIABLE,false,,false,,false,false,true,true,2026-03-11 18:04:11.435 +0300,,2026-03-11 18:30:58.668 +0300,,,
1138,171,58,pm,t00171n000001,t00171n000001c0154,"50341651",,,,154,NUMERIC,,,VARIABLE,false,,false,,false,false,true,true,2026-03-11 18:04:11.435 +0300,,2026-03-11 18:30:58.668 +0300,,,
1139,171,58,pm,t00171n000001,t00171n000001c0155,"50341652",,,,155,NUMERIC,,,VARIABLE,false,,false,,false,false,true,true,2026-03-11 18:04:11.435 +0300,,2026-03-11 18:30:58.668 +0300,,,
1140,171,58,pm,t00171n000001,t00171n000001c0156,"50341653",,,,156,NUMERIC,,,VARIABLE,false,,false,,false,false,true,true,2026-03-11 18:04:11.435 +0300,,2026-03-11 18:30:58.668 +0300,,,
1141,171,58,pm,t00171n000001,t00171n000001c0157,"50341654",,,,157,NUMERIC,,,VARIABLE,false,,false,,false,false,true,true,2026-03-11 18:04:11.435 +0300,,2026-03-11 18:30:58.668 +0300,,,
1142,171,58,pm,t00171n000001,t00171n000001c0158,"50341655",,,,158,NUMERIC,,,VARIABLE,false,,false,,false,false,true,true,2026-03-11 18:04:11.435 +0300,,2026-03-11 18:30:58.668 +0300,,,
1143,171,58,pm,t00171n000001,t00171n000001c0159,"50341656",,,,159,NUMERIC,,,VARIABLE,false,,false,,false,false,true,true,2026-03-11 18:04:11.435 +0300,,2026-03-11 18:30:58.668 +0300,,,
1144,171,58,pm,t00171n000001,t00171n000001c0160,"50341657",,,,160,NUMERIC,,,VARIABLE,false,,false,,false,false,true,true,2026-03-11 18:04:11.435 +0300,,2026-03-11 18:30:58.668 +0300,,,
1145,171,58,pm,t00171n000001,t00171n000001c0161,"50341658",,,,161,NUMERIC,,,VARIABLE,false,,false,,false,false,true,true,2026-03-11 18:04:11.435 +0300,,2026-03-11 18:30:58.668 +0300,,,
1146,171,58,pm,t00171n000001,t00171n000001c0162,"50341659",,,,162,NUMERIC,,,VARIABLE,false,,false,,false,false,true,true,2026-03-11 18:04:11.435 +0300,,2026-03-11 18:30:58.668 +0300,,,
1147,171,58,pm,t00171n000001,t00171n000001c0163,"50341660",,,,163,NUMERIC,,,VARIABLE,false,,false,,false,false,true,true,2026-03-11 18:04:11.435 +0300,,2026-03-11 18:30:58.668 +0300,,,
1148,171,58,pm,t00171n000001,t00171n000001c0164,"50341661",,,,164,NUMERIC,,,VARIABLE,false,,false,,false,false,true,true,2026-03-11 18:04:11.435 +0300,,2026-03-11 18:30:58.668 +0300,,,
1149,171,58,pm,t00171n000001,t00171n000001c0165,"50341662",,,,165,NUMERIC,,,VARIABLE,false,,false,,false,false,true,true,2026-03-11 18:04:11.435 +0300,,2026-03-11 18:30:58.668 +0300,,,
1150,171,58,pm,t00171n000001,t00171n000001c0166,"50341663",,,,166,NUMERIC,,,VARIABLE,false,,false,,false,false,true,true,2026-03-11 18:04:11.435 +0300,,2026-03-11 18:30:58.668 +0300,,,
1151,171,58,pm,t00171n000001,t00171n000001c0167,"50341664",,,,167,NUMERIC,,,VARIABLE,false,,false,,false,false,true,true,2026-03-11 18:04:11.435 +0300,,2026-03-11 18:30:58.668 +0300,,,
1152,171,58,pm,t00171n000001,t00171n000001c0168,"50341665",,,,168,NUMERIC,,,VARIABLE,false,,false,,false,false,true,true,2026-03-11 18:04:11.435 +0300,,2026-03-11 18:30:58.668 +0300,,,
1153,171,58,pm,t00171n000001,t00171n000001c0169,"50341666",,,,169,NUMERIC,,,VARIABLE,false,,false,,false,false,true,true,2026-03-11 18:04:11.435 +0300,,2026-03-11 18:30:58.668 +0300,,,
1154,171,58,pm,t00171n000001,t00171n000001c0170,"50341667",,,,170,NUMERIC,,,VARIABLE,false,,false,,false,false,true,true,2026-03-11 18:04:11.436 +0300,,2026-03-11 18:30:58.668 +0300,,,
1155,171,58,pm,t00171n000001,t00171n000001c0171,"50341668",,,,171,NUMERIC,,,VARIABLE,false,,false,,false,false,true,true,2026-03-11 18:04:11.438 +0300,,2026-03-11 18:30:58.668 +0300,,,
1156,171,58,pm,t00171n000001,t00171n000001c0172,"50341669",,,,172,NUMERIC,,,VARIABLE,false,,false,,false,false,true,true,2026-03-11 18:04:11.438 +0300,,2026-03-11 18:30:58.668 +0300,,,
1157,171,58,pm,t00171n000001,t00171n000001c0173,"50341670",,,,173,NUMERIC,,,VARIABLE,false,,false,,false,false,true,true,2026-03-11 18:04:11.438 +0300,,2026-03-11 18:30:58.668 +0300,,,
1158,171,58,pm,t00171n000001,t00171n000001c0174,"50341671",,,,174,NUMERIC,,,VARIABLE,false,,false,,false,false,true,true,2026-03-11 18:04:11.438 +0300,,2026-03-11 18:30:58.668 +0300,,,
1159,171,58,pm,t00171n000001,t00171n000001c0175,"50341672",,,,175,NUMERIC,,,VARIABLE,false,,false,,false,false,true,true,2026-03-11 18:04:11.438 +0300,,2026-03-11 18:30:58.668 +0300,,,
1160,171,58,pm,t00171n000001,t00171n000001c0176,"50341673",,,,176,NUMERIC,,,VARIABLE,false,,false,,false,false,true,true,2026-03-11 18:04:11.438 +0300,,2026-03-11 18:30:58.668 +0300,,,
1161,171,58,pm,t00171n000001,t00171n000001c0177,"50341674",,,,177,NUMERIC,,,VARIABLE,false,,false,,false,false,true,true,2026-03-11 18:04:11.438 +0300,,2026-03-11 18:30:58.668 +0300,,,
1162,171,58,pm,t00171n000001,t00171n000001c0178,"50341675",,,,178,NUMERIC,,,VARIABLE,false,,false,,false,false,true,true,2026-03-11 18:04:11.438 +0300,,2026-03-11 18:30:58.668 +0300,,,
1163,171,58,pm,t00171n000001,t00171n000001c0179,"50341676",,,,179,NUMERIC,,,VARIABLE,false,,false,,false,false,true,true,2026-03-11 18:04:11.438 +0300,,2026-03-11 18:30:58.668 +0300,,,
1164,171,58,pm,t00171n000001,t00171n000001c0180,"50341677",,,,180,NUMERIC,,,VARIABLE,false,,false,,false,false,true,true,2026-03-11 18:04:11.438 +0300,,2026-03-11 18:30:58.668 +0300,,,
1165,171,58,pm,t00171n000001,t00171n000001c0181,"50341678",,,,181,NUMERIC,,,VARIABLE,false,,false,,false,false,true,true,2026-03-11 18:04:11.438 +0300,,2026-03-11 18:30:58.668 +0300,,,
1166,171,58,pm,t00171n000001,t00171n000001c0182,"50341679",,,,182,NUMERIC,,,VARIABLE,false,,false,,false,false,true,true,2026-03-11 18:04:11.438 +0300,,2026-03-11 18:30:58.668 +0300,,,
1167,171,58,pm,t00171n000001,t00171n000001c0183,"50341680",,,,183,NUMERIC,,,VARIABLE,false,,false,,false,false,true,true,2026-03-11 18:04:11.438 +0300,,2026-03-11 18:30:58.668 +0300,,,
1168,171,58,pm,t00171n000001,t00171n000001c0184,"50341681",,,,184,NUMERIC,,,VARIABLE,false,,false,,false,false,true,true,2026-03-11 18:04:11.438 +0300,,2026-03-11 18:30:58.668 +0300,,,
1169,171,58,pm,t00171n000001,t00171n000001c0185,"50341682",,,,185,NUMERIC,,,VARIABLE,false,,false,,false,false,true,true,2026-03-11 18:04:11.438 +0300,,2026-03-11 18:30:58.668 +0300,,,
1170,171,58,pm,t00171n000001,t00171n000001c0186,"50341683",,,,186,NUMERIC,,,VARIABLE,false,,false,,false,false,true,true,2026-03-11 18:04:11.438 +0300,,2026-03-11 18:30:58.668 +0300,,,
1171,171,58,pm,t00171n000001,t00171n000001c0187,"50341684",,,,187,NUMERIC,,,VARIABLE,false,,false,,false,false,true,true,2026-03-11 18:04:11.438 +0300,,2026-03-11 18:30:58.668 +0300,,,
1172,171,58,pm,t00171n000001,t00171n000001c0188,"50341685",,,,188,NUMERIC,,,VARIABLE,false,,false,,false,false,true,true,2026-03-11 18:04:11.438 +0300,,2026-03-11 18:30:58.668 +0300,,,
1173,171,58,pm,t00171n000001,t00171n000001c0189,"50341686",,,,189,NUMERIC,,,VARIABLE,false,,false,,false,false,true,true,2026-03-11 18:04:11.438 +0300,,2026-03-11 18:30:58.668 +0300,,,
1174,171,58,pm,t00171n000001,t00171n000001c0190,"50341687",,,,190,NUMERIC,,,VARIABLE,false,,false,,false,false,true,true,2026-03-11 18:04:11.438 +0300,,2026-03-11 18:30:58.668 +0300,,,
1175,171,58,pm,t00171n000001,t00171n000001c0191,"50341688",,,,191,NUMERIC,,,VARIABLE,false,,false,,false,false,true,true,2026-03-11 18:04:11.438 +0300,,2026-03-11 18:30:58.668 +0300,,,
1176,171,58,pm,t00171n000001,t00171n000001c0192,"50341689",,,,192,NUMERIC,,,VARIABLE,false,,false,,false,false,true,true,2026-03-11 18:04:11.438 +0300,,2026-03-11 18:30:58.668 +0300,,,
1177,171,58,pm,t00171n000001,t00171n000001c0193,"50341690",,,,193,NUMERIC,,,VARIABLE,false,,false,,false,false,true,true,2026-03-11 18:04:11.438 +0300,,2026-03-11 18:30:58.668 +0300,,,
1178,171,58,pm,t00171n000001,t00171n000001c0194,"50341691",,,,194,NUMERIC,,,VARIABLE,false,,false,,false,false,true,true,2026-03-11 18:04:11.438 +0300,,2026-03-11 18:30:58.668 +0300,,,
1179,171,58,pm,t00171n000001,t00171n000001c0195,"50341692",,,,195,NUMERIC,,,VARIABLE,false,,false,,false,false,true,true,2026-03-11 18:04:11.438 +0300,,2026-03-11 18:30:58.668 +0300,,,
1180,171,58,pm,t00171n000001,t00171n000001c0196,"50341693",,,,196,NUMERIC,,,VARIABLE,false,,false,,false,false,true,true,2026-03-11 18:04:11.438 +0300,,2026-03-11 18:30:58.668 +0300,,,
1181,171,58,pm,t00171n000001,t00171n000001c0197,"50341694",,,,197,NUMERIC,,,VARIABLE,false,,false,,false,false,true,true,2026-03-11 18:04:11.438 +0300,,2026-03-11 18:30:58.668 +0300,,,
1182,171,58,pm,t00171n000001,t00171n000001c0198,"50341695",,,,198,NUMERIC,,,VARIABLE,false,,false,,false,false,true,true,2026-03-11 18:04:11.438 +0300,,2026-03-11 18:30:58.668 +0300,,,
1183,171,58,pm,t00171n000001,t00171n000001c0199,"50341696",,,,199,NUMERIC,,,VARIABLE,false,,false,,false,false,true,true,2026-03-11 18:04:11.438 +0300,,2026-03-11 18:30:58.668 +0300,,,
1184,171,58,pm,t00171n000001,t00171n000001c0200,"50341697",,,,200,NUMERIC,,,VARIABLE,false,,false,,false,false,true,true,2026-03-11 18:04:11.438 +0300,,2026-03-11 18:30:58.668 +0300,,,
1185,171,58,pm,t00171n000001,t00171n000001c0201,"50341698",,,,201,NUMERIC,,,VARIABLE,false,,false,,false,false,true,true,2026-03-11 18:04:11.438 +0300,,2026-03-11 18:30:58.668 +0300,,,
1186,171,58,pm,t00171n000001,t00171n000001c0202,"50341699",,,,202,NUMERIC,,,VARIABLE,false,,false,,false,false,true,true,2026-03-11 18:04:11.438 +0300,,2026-03-11 18:30:58.668 +0300,,,
1187,171,58,pm,t00171n000001,t00171n000001c0203,"50341700",,,,203,NUMERIC,,,VARIABLE,false,,false,,false,false,true,true,2026-03-11 18:04:11.438 +0300,,2026-03-11 18:30:58.668 +0300,,,
1188,171,58,pm,t00171n000001,t00171n000001c0204,"50341701",,,,204,NUMERIC,,,VARIABLE,false,,false,,false,false,true,true,2026-03-11 18:04:11.438 +0300,,2026-03-11 18:30:58.668 +0300,,,
1189,171,58,pm,t00171n000001,t00171n000001c0205,"50341702",,,,205,NUMERIC,,,VARIABLE,false,,false,,false,false,true,true,2026-03-11 18:04:11.438 +0300,,2026-03-11 18:30:58.668 +0300,,,
1190,171,58,pm,t00171n000001,t00171n000001c0206,"50341703",,,,206,NUMERIC,,,VARIABLE,false,,false,,false,false,true,true,2026-03-11 18:04:11.438 +0300,,2026-03-11 18:30:58.668 +0300,,,
1191,171,58,pm,t00171n000001,t00171n000001c0207,"50341704",,,,207,NUMERIC,,,VARIABLE,false,,false,,false,false,true,true,2026-03-11 18:04:11.438 +0300,,2026-03-11 18:30:58.668 +0300,,,
1192,171,58,pm,t00171n000001,t00171n000001c0208,"50341705",,,,208,NUMERIC,,,VARIABLE,false,,false,,false,false,true,true,2026-03-11 18:04:11.438 +0300,,2026-03-11 18:30:58.668 +0300,,,
1193,171,58,pm,t00171n000001,t00171n000001c0209,"50341706",,,,209,NUMERIC,,,VARIABLE,false,,false,,false,false,true,true,2026-03-11 18:04:11.439 +0300,,2026-03-11 18:30:58.668 +0300,,,
1194,171,58,pm,t00171n000001,t00171n000001c0210,"50341707",,,,210,NUMERIC,,,VARIABLE,false,,false,,false,false,true,true,2026-03-11 18:04:11.440 +0300,,2026-03-11 18:30:58.668 +0300,,,
1195,171,58,pm,t00171n000001,t00171n000001c0211,"50341708",,,,211,NUMERIC,,,VARIABLE,false,,false,,false,false,true,true,2026-03-11 18:04:11.440 +0300,,2026-03-11 18:30:58.668 +0300,,,
1196,171,58,pm,t00171n000001,t00171n000001c0212,"50341709",,,,212,NUMERIC,,,VARIABLE,false,,false,,false,false,true,true,2026-03-11 18:04:11.440 +0300,,2026-03-11 18:30:58.668 +0300,,,
1197,171,58,pm,t00171n000001,t00171n000001c0213,"50341710",,,,213,NUMERIC,,,VARIABLE,false,,false,,false,false,true,true,2026-03-11 18:04:11.440 +0300,,2026-03-11 18:30:58.668 +0300,,,
1198,171,58,pm,t00171n000001,t00171n000001c0214,"50341711",,,,214,NUMERIC,,,VARIABLE,false,,false,,false,false,true,true,2026-03-11 18:04:11.440 +0300,,2026-03-11 18:30:58.668 +0300,,,
1199,171,58,pm,t00171n000001,t00171n000001c0215,"50341712",,,,215,NUMERIC,,,VARIABLE,false,,false,,false,false,true,true,2026-03-11 18:04:11.440 +0300,,2026-03-11 18:30:58.668 +0300,,,
1200,171,58,pm,t00171n000001,t00171n000001c0216,"50341713",,,,216,NUMERIC,,,VARIABLE,false,,false,,false,false,true,true,2026-03-11 18:04:11.440 +0300,,2026-03-11 18:30:58.668 +0300,,,
1201,171,58,pm,t00171n000001,t00171n000001c0217,"50341714",,,,217,NUMERIC,,,VARIABLE,false,,false,,false,false,true,true,2026-03-11 18:04:11.440 +0300,,2026-03-11 18:30:58.668 +0300,,,
1202,171,58,pm,t00171n000001,t00171n000001c0218,"50341715",,,,218,NUMERIC,,,VARIABLE,false,,false,,false,false,true,true,2026-03-11 18:04:11.440 +0300,,2026-03-11 18:30:58.668 +0300,,,
1203,171,58,pm,t00171n000001,t00171n000001c0219,"50341716",,,,219,NUMERIC,,,VARIABLE,false,,false,,false,false,true,true,2026-03-11 18:04:11.440 +0300,,2026-03-11 18:30:58.668 +0300,,,
1204,171,58,pm,t00171n000001,t00171n000001c0220,"50341717",,,,220,NUMERIC,,,VARIABLE,false,,false,,false,false,true,true,2026-03-11 18:04:11.440 +0300,,2026-03-11 18:30:58.668 +0300,,,
1205,171,58,pm,t00171n000001,t00171n000001c0221,"50341722",,,,221,NUMERIC,,,VARIABLE,false,,false,,false,false,true,true,2026-03-11 18:04:11.440 +0300,,2026-03-11 18:30:58.668 +0300,,,
1206,171,58,pm,t00171n000001,t00171n000001c0222,"50341739",,,,222,NUMERIC,,,VARIABLE,false,,false,,false,false,true,true,2026-03-11 18:04:11.440 +0300,,2026-03-11 18:30:58.668 +0300,,,
1207,171,58,pm,t00171n000001,t00171n000001c0223,"50341740",,,,223,NUMERIC,,,VARIABLE,false,,false,,false,false,true,true,2026-03-11 18:04:11.440 +0300,,2026-03-11 18:30:58.668 +0300,,,
1208,171,58,pm,t00171n000001,t00171n000001c0224,Granularity Period,,,,224,NUMERIC,,,VARIABLE,false,,false,,false,false,true,true,2026-03-11 18:04:11.440 +0300,,2026-03-11 18:30:58.668 +0300,,,
1209,171,58,pm,t00171n000001,t00171n000001c0225,Object Name,,,,225,NUMERIC,,,VARIABLE,false,,false,,false,false,true,true,2026-03-11 18:04:11.440 +0300,,2026-03-11 18:30:58.668 +0300,,,
1210,171,58,pm,t00171n000001,t00171n000001c0226,Reliability,,,,226,NUMERIC,,,VARIABLE,false,,false,,false,false,true,true,2026-03-11 18:04:11.440 +0300,,2026-03-11 18:30:58.668 +0300,,,
1211,171,58,pm,t00171n000001,fragment_date,Result Time,,,,227,TIMESTAMPTZ,yyyy-mm-dd hh24:miZ,,CONSTANT,false,,false,,false,false,true,true,2026-03-11 18:04:11.440 +0300,,2026-03-11 18:30:58.668 +0300,,,
1395,171,69,pm,t00171n000002,t00171n000002c0018,"50332684",,,,18,NUMERIC,,,VARIABLE,false,,false,,true,false,false,true,2026-03-12 13:05:48.003 +0300,,,,,
1396,171,69,pm,t00171n000002,t00171n000002c0019,"50332685",,,,19,NUMERIC,,,VARIABLE,false,,false,,true,false,false,true,2026-03-12 13:05:48.003 +0300,,,,,
1397,171,69,pm,t00171n000002,t00171n000002c0020,"50332686",,,,20,NUMERIC,,,VARIABLE,false,,false,,true,false,false,true,2026-03-12 13:05:48.003 +0300,,,,,
1398,171,69,pm,t00171n000002,t00171n000002c0021,"50332687",,,,21,NUMERIC,,,VARIABLE,false,,false,,true,false,false,true,2026-03-12 13:05:48.003 +0300,,,,,
1399,171,69,pm,t00171n000002,t00171n000002c0022,"50332688",,,,22,NUMERIC,,,VARIABLE,false,,false,,true,false,false,true,2026-03-12 13:05:48.003 +0300,,,,,
1400,171,69,pm,t00171n000002,t00171n000002c0023,"50332689",,,,23,NUMERIC,,,VARIABLE,false,,false,,true,false,false,true,2026-03-12 13:05:48.003 +0300,,,,,
1401,171,69,pm,t00171n000002,t00171n000002c0024,"50332690",,,,24,NUMERIC,,,VARIABLE,false,,false,,true,false,false,true,2026-03-12 13:05:48.003 +0300,,,,,
1402,171,69,pm,t00171n000002,t00171n000002c0025,"50332691",,,,25,NUMERIC,,,VARIABLE,false,,false,,true,false,false,true,2026-03-12 13:05:48.003 +0300,,,,,
1403,171,69,pm,t00171n000002,t00171n000002c0026,"50332692",,,,26,NUMERIC,,,VARIABLE,false,,false,,true,false,false,true,2026-03-12 13:05:48.003 +0300,,,,,
1404,171,69,pm,t00171n000002,t00171n000002c0027,"50332693",,,,27,NUMERIC,,,VARIABLE,false,,false,,true,false,false,true,2026-03-12 13:05:48.003 +0300,,,,,
1405,171,69,pm,t00171n000002,t00171n000002c0028,"50332694",,,,28,NUMERIC,,,VARIABLE,false,,false,,true,false,false,true,2026-03-12 13:05:48.003 +0300,,,,,
1406,171,69,pm,t00171n000002,t00171n000002c0029,"50332695",,,,29,NUMERIC,,,VARIABLE,false,,false,,true,false,false,true,2026-03-12 13:05:48.003 +0300,,,,,
1407,171,69,pm,t00171n000002,t00171n000002c0030,"50332696",,,,30,NUMERIC,,,VARIABLE,false,,false,,true,false,false,true,2026-03-12 13:05:48.003 +0300,,,,,
1408,171,69,pm,t00171n000002,t00171n000002c0031,"50332697",,,,31,NUMERIC,,,VARIABLE,false,,false,,true,false,false,true,2026-03-12 13:05:48.003 +0300,,,,,
1409,171,69,pm,t00171n000002,t00171n000002c0032,"50332698",,,,32,NUMERIC,,,VARIABLE,false,,false,,true,false,false,true,2026-03-12 13:05:48.003 +0300,,,,,
1410,171,69,pm,t00171n000002,t00171n000002c0033,"50332699",,,,33,NUMERIC,,,VARIABLE,false,,false,,true,false,false,true,2026-03-12 13:05:48.003 +0300,,,,,
1415,171,69,pm,t00171n000002,t00171n000002c0038,"50332704",,,,38,NUMERIC,,,VARIABLE,false,,false,,true,false,false,true,2026-03-12 13:05:48.003 +0300,,,,,
1416,171,69,pm,t00171n000002,t00171n000002c0039,"50332705",,,,39,NUMERIC,,,VARIABLE,false,,false,,true,false,false,true,2026-03-12 13:05:48.003 +0300,,,,,
1417,171,69,pm,t00171n000002,t00171n000002c0040,"50332706",,,,40,NUMERIC,,,VARIABLE,false,,false,,true,false,false,true,2026-03-12 13:05:48.003 +0300,,,,,
1418,171,69,pm,t00171n000002,t00171n000002c0041,"50332707",,,,41,NUMERIC,,,VARIABLE,false,,false,,true,false,false,true,2026-03-12 13:05:48.003 +0300,,,,,
1419,171,69,pm,t00171n000002,t00171n000002c0042,"50332708",,,,42,NUMERIC,,,VARIABLE,false,,false,,true,false,false,true,2026-03-12 13:05:48.003 +0300,,,,,
1420,171,69,pm,t00171n000002,t00171n000002c0043,"50332709",,,,43,NUMERIC,,,VARIABLE,false,,false,,true,false,false,true,2026-03-12 13:05:48.004 +0300,,,,,
1421,171,69,pm,t00171n000002,t00171n000002c0044,"50332710",,,,44,NUMERIC,,,VARIABLE,false,,false,,true,false,false,true,2026-03-12 13:05:48.004 +0300,,,,,
1422,171,69,pm,t00171n000002,t00171n000002c0045,"50332711",,,,45,NUMERIC,,,VARIABLE,false,,false,,true,false,false,true,2026-03-12 13:05:48.004 +0300,,,,,
1423,171,69,pm,t00171n000002,t00171n000002c0046,"50332712",,,,46,NUMERIC,,,VARIABLE,false,,false,,true,false,false,true,2026-03-12 13:05:48.004 +0300,,,,,
1424,171,69,pm,t00171n000002,t00171n000002c0047,"50332713",,,,47,NUMERIC,,,VARIABLE,false,,false,,true,false,false,true,2026-03-12 13:05:48.004 +0300,,,,,
1425,171,69,pm,t00171n000002,t00171n000002c0048,"50332714",,,,48,NUMERIC,,,VARIABLE,false,,false,,true,false,false,true,2026-03-12 13:05:48.004 +0300,,,,,
1426,171,69,pm,t00171n000002,t00171n000002c0049,"50332715",,,,49,NUMERIC,,,VARIABLE,false,,false,,true,false,false,true,2026-03-12 13:05:48.004 +0300,,,,,
1427,171,69,pm,t00171n000002,t00171n000002c0050,"50332716",,,,50,NUMERIC,,,VARIABLE,false,,false,,true,false,false,true,2026-03-12 13:05:48.004 +0300,,,,,
1428,171,69,pm,t00171n000002,t00171n000002c0051,"50332717",,,,51,NUMERIC,,,VARIABLE,false,,false,,true,false,false,true,2026-03-12 13:05:48.004 +0300,,,,,
1429,171,69,pm,t00171n000002,t00171n000002c0052,"50332718",,,,52,NUMERIC,,,VARIABLE,false,,false,,true,false,false,true,2026-03-12 13:05:48.004 +0300,,,,,
1430,171,69,pm,t00171n000002,t00171n000002c0053,"50332719",,,,53,NUMERIC,,,VARIABLE,false,,false,,true,false,false,true,2026-03-12 13:05:48.004 +0300,,,,,
1431,171,69,pm,t00171n000002,t00171n000002c0054,"50332720",,,,54,NUMERIC,,,VARIABLE,false,,false,,true,false,false,true,2026-03-12 13:05:48.004 +0300,,,,,
1432,171,69,pm,t00171n000002,t00171n000002c0055,"50332721",,,,55,NUMERIC,,,VARIABLE,false,,false,,true,false,false,true,2026-03-12 13:05:48.004 +0300,,,,,
1433,171,69,pm,t00171n000002,t00171n000002c0056,"50332722",,,,56,NUMERIC,,,VARIABLE,false,,false,,true,false,false,true,2026-03-12 13:05:48.004 +0300,,,,,
1434,171,69,pm,t00171n000002,t00171n000002c0057,"50332723",,,,57,NUMERIC,,,VARIABLE,false,,false,,true,false,false,true,2026-03-12 13:05:48.004 +0300,,,,,
1435,171,69,pm,t00171n000002,t00171n000002c0058,"50332724",,,,58,NUMERIC,,,VARIABLE,false,,false,,true,false,false,true,2026-03-12 13:05:48.004 +0300,,,,,
1436,171,69,pm,t00171n000002,t00171n000002c0059,"50332725",,,,59,NUMERIC,,,VARIABLE,false,,false,,true,false,false,true,2026-03-12 13:05:48.004 +0300,,,,,
1437,171,69,pm,t00171n000002,t00171n000002c0060,"50332726",,,,60,NUMERIC,,,VARIABLE,false,,false,,true,false,false,true,2026-03-12 13:05:48.004 +0300,,,,,
1438,171,69,pm,t00171n000002,t00171n000002c0061,"50332727",,,,61,NUMERIC,,,VARIABLE,false,,false,,true,false,false,true,2026-03-12 13:05:48.004 +0300,,,,,
1439,171,69,pm,t00171n000002,t00171n000002c0062,"50332728",,,,62,NUMERIC,,,VARIABLE,false,,false,,true,false,false,true,2026-03-12 13:05:48.004 +0300,,,,,
1440,171,69,pm,t00171n000002,t00171n000002c0063,"50332729",,,,63,NUMERIC,,,VARIABLE,false,,false,,true,false,false,true,2026-03-12 13:05:48.004 +0300,,,,,
1441,171,69,pm,t00171n000002,t00171n000002c0064,"50332730",,,,64,NUMERIC,,,VARIABLE,false,,false,,true,false,false,true,2026-03-12 13:05:48.004 +0300,,,,,
1442,171,69,pm,t00171n000002,t00171n000002c0065,"50332731",,,,65,NUMERIC,,,VARIABLE,false,,false,,true,false,false,true,2026-03-12 13:05:48.004 +0300,,,,,
1443,171,69,pm,t00171n000002,t00171n000002c0066,"50332732",,,,66,NUMERIC,,,VARIABLE,false,,false,,true,false,false,true,2026-03-12 13:05:48.004 +0300,,,,,
1444,171,69,pm,t00171n000002,t00171n000002c0067,"50332733",,,,67,NUMERIC,,,VARIABLE,false,,false,,true,false,false,true,2026-03-12 13:05:48.004 +0300,,,,,
1445,171,69,pm,t00171n000002,t00171n000002c0068,"50332734",,,,68,NUMERIC,,,VARIABLE,false,,false,,true,false,false,true,2026-03-12 13:05:48.004 +0300,,,,,
1446,171,69,pm,t00171n000002,t00171n000002c0069,"50332735",,,,69,NUMERIC,,,VARIABLE,false,,false,,true,false,false,true,2026-03-12 13:05:48.004 +0300,,,,,
1447,171,69,pm,t00171n000002,t00171n000002c0070,"50332736",,,,70,NUMERIC,,,VARIABLE,false,,false,,true,false,false,true,2026-03-12 13:05:48.004 +0300,,,,,
1448,171,69,pm,t00171n000002,t00171n000002c0071,"50332737",,,,71,NUMERIC,,,VARIABLE,false,,false,,true,false,false,true,2026-03-12 13:05:48.004 +0300,,,,,
1449,171,69,pm,t00171n000002,t00171n000002c0072,"50332738",,,,72,NUMERIC,,,VARIABLE,false,,false,,true,false,false,true,2026-03-12 13:05:48.004 +0300,,,,,
1450,171,69,pm,t00171n000002,t00171n000002c0073,"50332739",,,,73,NUMERIC,,,VARIABLE,false,,false,,true,false,false,true,2026-03-12 13:05:48.004 +0300,,,,,
1451,171,69,pm,t00171n000002,t00171n000002c0074,"50332740",,,,74,NUMERIC,,,VARIABLE,false,,false,,true,false,false,true,2026-03-12 13:05:48.004 +0300,,,,,
1452,171,69,pm,t00171n000002,t00171n000002c0075,"50332741",,,,75,NUMERIC,,,VARIABLE,false,,false,,true,false,false,true,2026-03-12 13:05:48.004 +0300,,,,,
1453,171,69,pm,t00171n000002,t00171n000002c0076,"50332742",,,,76,NUMERIC,,,VARIABLE,false,,false,,true,false,false,true,2026-03-12 13:05:48.004 +0300,,,,,
1454,171,69,pm,t00171n000002,t00171n000002c0077,"50332743",,,,77,NUMERIC,,,VARIABLE,false,,false,,true,false,false,true,2026-03-12 13:05:48.004 +0300,,,,,
1455,171,69,pm,t00171n000002,t00171n000002c0078,"50332744",,,,78,NUMERIC,,,VARIABLE,false,,false,,true,false,false,true,2026-03-12 13:05:48.004 +0300,,,,,
1456,171,69,pm,t00171n000002,t00171n000002c0079,"50332745",,,,79,NUMERIC,,,VARIABLE,false,,false,,true,false,false,true,2026-03-12 13:05:48.004 +0300,,,,,
1457,171,69,pm,t00171n000002,t00171n000002c0080,"50332746",,,,80,NUMERIC,,,VARIABLE,false,,false,,true,false,false,true,2026-03-12 13:05:48.004 +0300,,,,,
1458,171,69,pm,t00171n000002,t00171n000002c0081,"50332747",,,,81,NUMERIC,,,VARIABLE,false,,false,,true,false,false,true,2026-03-12 13:05:48.004 +0300,,,,,
1459,171,69,pm,t00171n000002,t00171n000002c0082,"50332748",,,,82,NUMERIC,,,VARIABLE,false,,false,,true,false,false,true,2026-03-12 13:05:48.004 +0300,,,,,
1460,171,69,pm,t00171n000002,t00171n000002c0083,"50332749",,,,83,NUMERIC,,,VARIABLE,false,,false,,true,false,false,true,2026-03-12 13:05:48.004 +0300,,,,,
1461,171,69,pm,t00171n000002,t00171n000002c0084,"50332750",,,,84,NUMERIC,,,VARIABLE,false,,false,,true,false,false,true,2026-03-12 13:05:48.004 +0300,,,,,
1462,171,69,pm,t00171n000002,t00171n000002c0085,"50332751",,,,85,NUMERIC,,,VARIABLE,false,,false,,true,false,false,true,2026-03-12 13:05:48.004 +0300,,,,,
1463,171,69,pm,t00171n000002,t00171n000002c0086,"50332752",,,,86,NUMERIC,,,VARIABLE,false,,false,,true,false,false,true,2026-03-12 13:05:48.004 +0300,,,,,
1464,171,69,pm,t00171n000002,t00171n000002c0087,"50332753",,,,87,NUMERIC,,,VARIABLE,false,,false,,true,false,false,true,2026-03-12 13:05:48.004 +0300,,,,,
1465,171,69,pm,t00171n000002,t00171n000002c0088,"50332754",,,,88,NUMERIC,,,VARIABLE,false,,false,,true,false,false,true,2026-03-12 13:05:48.004 +0300,,,,,
1466,171,69,pm,t00171n000002,t00171n000002c0089,"50332755",,,,89,NUMERIC,,,VARIABLE,false,,false,,true,false,false,true,2026-03-12 13:05:48.004 +0300,,,,,
1467,171,69,pm,t00171n000002,t00171n000002c0090,"50332756",,,,90,NUMERIC,,,VARIABLE,false,,false,,true,false,false,true,2026-03-12 13:05:48.004 +0300,,,,,
1468,171,69,pm,t00171n000002,t00171n000002c0091,"50332757",,,,91,NUMERIC,,,VARIABLE,false,,false,,true,false,false,true,2026-03-12 13:05:48.004 +0300,,,,,
1469,171,69,pm,t00171n000002,t00171n000002c0092,"50332758",,,,92,NUMERIC,,,VARIABLE,false,,false,,true,false,false,true,2026-03-12 13:05:48.004 +0300,,,,,
1470,171,69,pm,t00171n000002,t00171n000002c0093,"50332759",,,,93,NUMERIC,,,VARIABLE,false,,false,,true,false,false,true,2026-03-12 13:05:48.004 +0300,,,,,
1471,171,69,pm,t00171n000002,t00171n000002c0094,"50332760",,,,94,NUMERIC,,,VARIABLE,false,,false,,true,false,false,true,2026-03-12 13:05:48.004 +0300,,,,,
1472,171,69,pm,t00171n000002,t00171n000002c0095,"50332761",,,,95,NUMERIC,,,VARIABLE,false,,false,,true,false,false,true,2026-03-12 13:05:48.004 +0300,,,,,
1473,171,69,pm,t00171n000002,t00171n000002c0096,"50332762",,,,96,NUMERIC,,,VARIABLE,false,,false,,true,false,false,true,2026-03-12 13:05:48.004 +0300,,,,,
1474,171,69,pm,t00171n000002,t00171n000002c0097,"50332763",,,,97,NUMERIC,,,VARIABLE,false,,false,,true,false,false,true,2026-03-12 13:05:48.004 +0300,,,,,
1475,171,69,pm,t00171n000002,t00171n000002c0098,"50332764",,,,98,NUMERIC,,,VARIABLE,false,,false,,true,false,false,true,2026-03-12 13:05:48.004 +0300,,,,,
1476,171,69,pm,t00171n000002,t00171n000002c0099,"50332765",,,,99,NUMERIC,,,VARIABLE,false,,false,,true,false,false,true,2026-03-12 13:05:48.004 +0300,,,,,
1477,171,69,pm,t00171n000002,t00171n000002c0100,"50332766",,,,100,NUMERIC,,,VARIABLE,false,,false,,true,false,false,true,2026-03-12 13:05:48.004 +0300,,,,,
1478,171,69,pm,t00171n000002,t00171n000002c0101,"50332767",,,,101,NUMERIC,,,VARIABLE,false,,false,,true,false,false,true,2026-03-12 13:05:48.004 +0300,,,,,
1479,171,69,pm,t00171n000002,t00171n000002c0102,"50332768",,,,102,NUMERIC,,,VARIABLE,false,,false,,true,false,false,true,2026-03-12 13:05:48.004 +0300,,,,,
1480,171,69,pm,t00171n000002,t00171n000002c0103,"50332769",,,,103,NUMERIC,,,VARIABLE,false,,false,,true,false,false,true,2026-03-12 13:05:48.004 +0300,,,,,
1481,171,69,pm,t00171n000002,t00171n000002c0104,"50332770",,,,104,NUMERIC,,,VARIABLE,false,,false,,true,false,false,true,2026-03-12 13:05:48.005 +0300,,,,,
1482,171,69,pm,t00171n000002,t00171n000002c0105,"50342578",,,,105,NUMERIC,,,VARIABLE,false,,false,,true,false,false,true,2026-03-12 13:05:48.005 +0300,,,,,
1483,171,69,pm,t00171n000002,t00171n000002c0106,"50342579",,,,106,NUMERIC,,,VARIABLE,false,,false,,true,false,false,true,2026-03-12 13:05:48.005 +0300,,,,,
1484,171,69,pm,t00171n000002,t00171n000002c0107,"50342580",,,,107,NUMERIC,,,VARIABLE,false,,false,,true,false,false,true,2026-03-12 13:05:48.005 +0300,,,,,
1485,171,69,pm,t00171n000002,t00171n000002c0108,"50342581",,,,108,NUMERIC,,,VARIABLE,false,,false,,true,false,false,true,2026-03-12 13:05:48.005 +0300,,,,,
1486,171,69,pm,t00171n000002,t00171n000002c0109,Granularity Period,,,,109,NUMERIC,,,VARIABLE,false,,false,,true,false,false,true,2026-03-12 13:05:48.005 +0300,,,,,
1487,171,69,pm,t00171n000002,t00171n000002c0110,Object Name,,,,110,NUMERIC,,,VARIABLE,false,,false,,true,false,false,true,2026-03-12 13:05:48.005 +0300,,,,,
1488,171,69,pm,t00171n000002,t00171n000002c0111,Reliability,,,,111,NUMERIC,,,VARIABLE,false,,false,,true,false,false,true,2026-03-12 13:05:48.005 +0300,,,,,
1489,171,69,pm,t00171n000002,t00171n000002c0112,Result Time,,,,112,NUMERIC,,,VARIABLE,false,,false,,true,false,false,true,2026-03-12 13:05:48.005 +0300,,,,,
1135,171,58,pm,t00171n000001,t00171n000001c0151,"50341648",,,,151,NUMERIC,,,VARIABLE,false,,false,,false,,true,true,2026-03-11 18:04:11.435 +0300,,2026-03-11 18:30:58.668 +0300,,,
