"id","flow_id","parse_table_id","schema_name","table_name","column_name","object_key","object_key2","object_key_lookup","object_key_description","model_type","column_order_id","column_type","column_length","column_formula","is_default_value","column_default_value","is_column_gen","column_gen_formula","is_column_agg","column_agg_formula","is_active","created_time","created_by","updated_time","updated_by","extra_info","flow_code","measurement_key"
1823,171,96,pm,t00171n000002,line_index,etlApp.info_lineIndex,,,,INFO,1,VARCHAR,,,false,,false,,,,true,2026-03-12 13:11:43.921 +0300,,,,,,
1824,171,96,pm,t00171n000002,unique_row_code,etlApp.info_uniqueRowCode,,,,INFO,2,VARCHAR,100,,false,,false,,,,true,2026-03-12 13:11:43.921 +0300,,,,,,
1431,171,85,pm,t00171n000001,unique_row_code,etlApp.info_uniqueRowCode,,,,INFO,2,VARCHAR,100,,false,,false,,,,true,2026-03-11 18:28:37.060 +0300,,,,,,
1430,171,85,pm,t00171n000001,line_index,etlApp.info_lineIndex,,,,INFO,1,VARCHAR,,,false,,false,,,,true,2026-03-11 18:28:37.060 +0300,,,,,,
1435,171,85,pm,t00171n000001,t00171n000001c0006,"50331657",,,,VARIABLE,6,NUMERIC,,,false,,false,,,,true,2026-03-11 18:28:37.060 +0300,,,,,,
1436,171,85,pm,t00171n000001,t00171n000001c0007,"50331658",,,,VARIABLE,7,NUMERIC,,,false,,false,,,,true,2026-03-11 18:28:37.060 +0300,,,,,,
1437,171,85,pm,t00171n000001,t00171n000001c0008,"50331659",,,,VARIABLE,8,NUMERIC,,,false,,false,,,,true,2026-03-11 18:28:37.060 +0300,,,,,,
1438,171,85,pm,t00171n000001,t00171n000001c0009,"50331660",,,,VARIABLE,9,NUMERIC,,,false,,false,,,,true,2026-03-11 18:28:37.060 +0300,,,,,,
1439,171,85,pm,t00171n000001,t00171n000001c0010,"50331661",,,,VARIABLE,10,NUMERIC,,,false,,false,,,,true,2026-03-11 18:28:37.060 +0300,,,,,,
1440,171,85,pm,t00171n000001,t00171n000001c0011,"50331662",,,,VARIABLE,11,NUMERIC,,,false,,false,,,,true,2026-03-11 18:28:37.060 +0300,,,,,,
1441,171,85,pm,t00171n000001,t00171n000001c0012,"50331663",,,,VARIABLE,12,NUMERIC,,,false,,false,,,,true,2026-03-11 18:28:37.060 +0300,,,,,,
1442,171,85,pm,t00171n000001,t00171n000001c0013,"50331664",,,,VARIABLE,13,NUMERIC,,,false,,false,,,,true,2026-03-11 18:28:37.060 +0300,,,,,,
1443,171,85,pm,t00171n000001,t00171n000001c0014,"50331665",,,,VARIABLE,14,NUMERIC,,,false,,false,,,,true,2026-03-11 18:28:37.060 +0300,,,,,,
1444,171,85,pm,t00171n000001,t00171n000001c0015,"50331666",,,,VARIABLE,15,NUMERIC,,,false,,false,,,,true,2026-03-11 18:28:37.060 +0300,,,,,,
1445,171,85,pm,t00171n000001,t00171n000001c0016,"50331667",,,,VARIABLE,16,NUMERIC,,,false,,false,,,,true,2026-03-11 18:28:37.060 +0300,,,,,,
1446,171,85,pm,t00171n000001,t00171n000001c0017,"50331668",,,,VARIABLE,17,NUMERIC,,,false,,false,,,,true,2026-03-11 18:28:37.060 +0300,,,,,,
1447,171,85,pm,t00171n000001,t00171n000001c0018,"50331669",,,,VARIABLE,18,NUMERIC,,,false,,false,,,,true,2026-03-11 18:28:37.060 +0300,,,,,,
1448,171,85,pm,t00171n000001,t00171n000001c0019,"50331670",,,,VARIABLE,19,NUMERIC,,,false,,false,,,,true,2026-03-11 18:28:37.060 +0300,,,,,,
1449,171,85,pm,t00171n000001,t00171n000001c0020,"50331671",,,,VARIABLE,20,NUMERIC,,,false,,false,,,,true,2026-03-11 18:28:37.060 +0300,,,,,,
1450,171,85,pm,t00171n000001,t00171n000001c0021,"50331672",,,,VARIABLE,21,NUMERIC,,,false,,false,,,,true,2026-03-11 18:28:37.060 +0300,,,,,,
1451,171,85,pm,t00171n000001,t00171n000001c0022,"50331673",,,,VARIABLE,22,NUMERIC,,,false,,false,,,,true,2026-03-11 18:28:37.060 +0300,,,,,,
1452,171,85,pm,t00171n000001,t00171n000001c0023,"50331674",,,,VARIABLE,23,NUMERIC,,,false,,false,,,,true,2026-03-11 18:28:37.060 +0300,,,,,,
1453,171,85,pm,t00171n000001,t00171n000001c0024,"50331675",,,,VARIABLE,24,NUMERIC,,,false,,false,,,,true,2026-03-11 18:28:37.060 +0300,,,,,,
1454,171,85,pm,t00171n000001,t00171n000001c0025,"50331676",,,,VARIABLE,25,NUMERIC,,,false,,false,,,,true,2026-03-11 18:28:37.060 +0300,,,,,,
1455,171,85,pm,t00171n000001,t00171n000001c0026,"50331677",,,,VARIABLE,26,NUMERIC,,,false,,false,,,,true,2026-03-11 18:28:37.060 +0300,,,,,,
1456,171,85,pm,t00171n000001,t00171n000001c0027,"50331678",,,,VARIABLE,27,NUMERIC,,,false,,false,,,,true,2026-03-11 18:28:37.060 +0300,,,,,,
1457,171,85,pm,t00171n000001,t00171n000001c0028,"50331679",,,,VARIABLE,28,NUMERIC,,,false,,false,,,,true,2026-03-11 18:28:37.060 +0300,,,,,,
1458,171,85,pm,t00171n000001,t00171n000001c0029,"50331680",,,,VARIABLE,29,NUMERIC,,,false,,false,,,,true,2026-03-11 18:28:37.060 +0300,,,,,,
1459,171,85,pm,t00171n000001,t00171n000001c0030,"50331681",,,,VARIABLE,30,NUMERIC,,,false,,false,,,,true,2026-03-11 18:28:37.060 +0300,,,,,,
1460,171,85,pm,t00171n000001,t00171n000001c0031,"50331682",,,,VARIABLE,31,NUMERIC,,,false,,false,,,,true,2026-03-11 18:28:37.060 +0300,,,,,,
1461,171,85,pm,t00171n000001,t00171n000001c0032,"50331683",,,,VARIABLE,32,NUMERIC,,,false,,false,,,,true,2026-03-11 18:28:37.060 +0300,,,,,,
1462,171,85,pm,t00171n000001,t00171n000001c0033,"50331684",,,,VARIABLE,33,NUMERIC,,,false,,false,,,,true,2026-03-11 18:28:37.060 +0300,,,,,,
1463,171,85,pm,t00171n000001,t00171n000001c0034,"50331685",,,,VARIABLE,34,NUMERIC,,,false,,false,,,,true,2026-03-11 18:28:37.060 +0300,,,,,,
1464,171,85,pm,t00171n000001,t00171n000001c0035,"50331686",,,,VARIABLE,35,NUMERIC,,,false,,false,,,,true,2026-03-11 18:28:37.060 +0300,,,,,,
1465,171,85,pm,t00171n000001,t00171n000001c0036,"50331687",,,,VARIABLE,36,NUMERIC,,,false,,false,,,,true,2026-03-11 18:28:37.060 +0300,,,,,,
1466,171,85,pm,t00171n000001,t00171n000001c0037,"50331688",,,,VARIABLE,37,NUMERIC,,,false,,false,,,,true,2026-03-11 18:28:37.060 +0300,,,,,,
1467,171,85,pm,t00171n000001,t00171n000001c0038,"50331689",,,,VARIABLE,38,NUMERIC,,,false,,false,,,,true,2026-03-11 18:28:37.060 +0300,,,,,,
1468,171,85,pm,t00171n000001,t00171n000001c0039,"50331690",,,,VARIABLE,39,NUMERIC,,,false,,false,,,,true,2026-03-11 18:28:37.060 +0300,,,,,,
1469,171,85,pm,t00171n000001,t00171n000001c0040,"50331691",,,,VARIABLE,40,NUMERIC,,,false,,false,,,,true,2026-03-11 18:28:37.060 +0300,,,,,,
1470,171,85,pm,t00171n000001,t00171n000001c0041,"50331692",,,,VARIABLE,41,NUMERIC,,,false,,false,,,,true,2026-03-11 18:28:37.060 +0300,,,,,,
1471,171,85,pm,t00171n000001,t00171n000001c0042,"50331693",,,,VARIABLE,42,NUMERIC,,,false,,false,,,,true,2026-03-11 18:28:37.060 +0300,,,,,,
1472,171,85,pm,t00171n000001,t00171n000001c0043,"50331694",,,,VARIABLE,43,NUMERIC,,,false,,false,,,,true,2026-03-11 18:28:37.060 +0300,,,,,,
1473,171,85,pm,t00171n000001,t00171n000001c0044,"50331695",,,,VARIABLE,44,NUMERIC,,,false,,false,,,,true,2026-03-11 18:28:37.060 +0300,,,,,,
1474,171,85,pm,t00171n000001,t00171n000001c0045,"50331696",,,,VARIABLE,45,NUMERIC,,,false,,false,,,,true,2026-03-11 18:28:37.060 +0300,,,,,,
1475,171,85,pm,t00171n000001,t00171n000001c0046,"50331697",,,,VARIABLE,46,NUMERIC,,,false,,false,,,,true,2026-03-11 18:28:37.060 +0300,,,,,,
1476,171,85,pm,t00171n000001,t00171n000001c0047,"50331698",,,,VARIABLE,47,NUMERIC,,,false,,false,,,,true,2026-03-11 18:28:37.060 +0300,,,,,,
1477,171,85,pm,t00171n000001,t00171n000001c0048,"50331699",,,,VARIABLE,48,NUMERIC,,,false,,false,,,,true,2026-03-11 18:28:37.060 +0300,,,,,,
1478,171,85,pm,t00171n000001,t00171n000001c0049,"50331709",,,,VARIABLE,49,NUMERIC,,,false,,false,,,,true,2026-03-11 18:28:37.060 +0300,,,,,,
1479,171,85,pm,t00171n000001,t00171n000001c0050,"50331710",,,,VARIABLE,50,NUMERIC,,,false,,false,,,,true,2026-03-11 18:28:37.060 +0300,,,,,,
1480,171,85,pm,t00171n000001,t00171n000001c0051,"50331711",,,,VARIABLE,51,NUMERIC,,,false,,false,,,,true,2026-03-11 18:28:37.060 +0300,,,,,,
1481,171,85,pm,t00171n000001,t00171n000001c0052,"50331712",,,,VARIABLE,52,NUMERIC,,,false,,false,,,,true,2026-03-11 18:28:37.060 +0300,,,,,,
1482,171,85,pm,t00171n000001,t00171n000001c0053,"50331713",,,,VARIABLE,53,NUMERIC,,,false,,false,,,,true,2026-03-11 18:28:37.060 +0300,,,,,,
1483,171,85,pm,t00171n000001,t00171n000001c0054,"50331714",,,,VARIABLE,54,NUMERIC,,,false,,false,,,,true,2026-03-11 18:28:37.060 +0300,,,,,,
1484,171,85,pm,t00171n000001,t00171n000001c0055,"50331717",,,,VARIABLE,55,NUMERIC,,,false,,false,,,,true,2026-03-11 18:28:37.060 +0300,,,,,,
1485,171,85,pm,t00171n000001,t00171n000001c0056,"50331718",,,,VARIABLE,56,NUMERIC,,,false,,false,,,,true,2026-03-11 18:28:37.060 +0300,,,,,,
1486,171,85,pm,t00171n000001,t00171n000001c0057,"50331719",,,,VARIABLE,57,NUMERIC,,,false,,false,,,,true,2026-03-11 18:28:37.060 +0300,,,,,,
1487,171,85,pm,t00171n000001,t00171n000001c0058,"50331720",,,,VARIABLE,58,NUMERIC,,,false,,false,,,,true,2026-03-11 18:28:37.060 +0300,,,,,,
1488,171,85,pm,t00171n000001,t00171n000001c0059,"50331721",,,,VARIABLE,59,NUMERIC,,,false,,false,,,,true,2026-03-11 18:28:37.060 +0300,,,,,,
1489,171,85,pm,t00171n000001,t00171n000001c0060,"50331722",,,,VARIABLE,60,NUMERIC,,,false,,false,,,,true,2026-03-11 18:28:37.060 +0300,,,,,,
1490,171,85,pm,t00171n000001,t00171n000001c0061,"50331723",,,,VARIABLE,61,NUMERIC,,,false,,false,,,,true,2026-03-11 18:28:37.060 +0300,,,,,,
1491,171,85,pm,t00171n000001,t00171n000001c0062,"50331724",,,,VARIABLE,62,NUMERIC,,,false,,false,,,,true,2026-03-11 18:28:37.060 +0300,,,,,,
1492,171,85,pm,t00171n000001,t00171n000001c0063,"50331725",,,,VARIABLE,63,NUMERIC,,,false,,false,,,,true,2026-03-11 18:28:37.060 +0300,,,,,,
1493,171,85,pm,t00171n000001,t00171n000001c0064,"50331726",,,,VARIABLE,64,NUMERIC,,,false,,false,,,,true,2026-03-11 18:28:37.060 +0300,,,,,,
1494,171,85,pm,t00171n000001,t00171n000001c0065,"50331727",,,,VARIABLE,65,NUMERIC,,,false,,false,,,,true,2026-03-11 18:28:37.060 +0300,,,,,,
1495,171,85,pm,t00171n000001,t00171n000001c0066,"50331728",,,,VARIABLE,66,NUMERIC,,,false,,false,,,,true,2026-03-11 18:28:37.060 +0300,,,,,,
1496,171,85,pm,t00171n000001,t00171n000001c0067,"50331729",,,,VARIABLE,67,NUMERIC,,,false,,false,,,,true,2026-03-11 18:28:37.060 +0300,,,,,,
1497,171,85,pm,t00171n000001,t00171n000001c0068,"50331745",,,,VARIABLE,68,NUMERIC,,,false,,false,,,,true,2026-03-11 18:28:37.060 +0300,,,,,,
1498,171,85,pm,t00171n000001,t00171n000001c0069,"50331746",,,,VARIABLE,69,NUMERIC,,,false,,false,,,,true,2026-03-11 18:28:37.060 +0300,,,,,,
1499,171,85,pm,t00171n000001,t00171n000001c0070,"50331754",,,,VARIABLE,70,NUMERIC,,,false,,false,,,,true,2026-03-11 18:28:37.060 +0300,,,,,,
1500,171,85,pm,t00171n000001,t00171n000001c0071,"50331755",,,,VARIABLE,71,NUMERIC,,,false,,false,,,,true,2026-03-11 18:28:37.060 +0300,,,,,,
1501,171,85,pm,t00171n000001,t00171n000001c0072,"50331756",,,,VARIABLE,72,NUMERIC,,,false,,false,,,,true,2026-03-11 18:28:37.060 +0300,,,,,,
1502,171,85,pm,t00171n000001,t00171n000001c0073,"50331757",,,,VARIABLE,73,NUMERIC,,,false,,false,,,,true,2026-03-11 18:28:37.060 +0300,,,,,,
1503,171,85,pm,t00171n000001,t00171n000001c0074,"50331758",,,,VARIABLE,74,NUMERIC,,,false,,false,,,,true,2026-03-11 18:28:37.060 +0300,,,,,,
1504,171,85,pm,t00171n000001,t00171n000001c0075,"50331759",,,,VARIABLE,75,NUMERIC,,,false,,false,,,,true,2026-03-11 18:28:37.060 +0300,,,,,,
1505,171,85,pm,t00171n000001,t00171n000001c0076,"50331760",,,,VARIABLE,76,NUMERIC,,,false,,false,,,,true,2026-03-11 18:28:37.060 +0300,,,,,,
1506,171,85,pm,t00171n000001,t00171n000001c0077,"50331761",,,,VARIABLE,77,NUMERIC,,,false,,false,,,,true,2026-03-11 18:28:37.060 +0300,,,,,,
1507,171,85,pm,t00171n000001,t00171n000001c0078,"50331762",,,,VARIABLE,78,NUMERIC,,,false,,false,,,,true,2026-03-11 18:28:37.060 +0300,,,,,,
1508,171,85,pm,t00171n000001,t00171n000001c0079,"50331763",,,,VARIABLE,79,NUMERIC,,,false,,false,,,,true,2026-03-11 18:28:37.060 +0300,,,,,,
1509,171,85,pm,t00171n000001,t00171n000001c0080,"50331764",,,,VARIABLE,80,NUMERIC,,,false,,false,,,,true,2026-03-11 18:28:37.060 +0300,,,,,,
1510,171,85,pm,t00171n000001,t00171n000001c0081,"50331765",,,,VARIABLE,81,NUMERIC,,,false,,false,,,,true,2026-03-11 18:28:37.060 +0300,,,,,,
1511,171,85,pm,t00171n000001,t00171n000001c0082,"50331766",,,,VARIABLE,82,NUMERIC,,,false,,false,,,,true,2026-03-11 18:28:37.060 +0300,,,,,,
1512,171,85,pm,t00171n000001,t00171n000001c0083,"50331767",,,,VARIABLE,83,NUMERIC,,,false,,false,,,,true,2026-03-11 18:28:37.060 +0300,,,,,,
1513,171,85,pm,t00171n000001,t00171n000001c0084,"50331768",,,,VARIABLE,84,NUMERIC,,,false,,false,,,,true,2026-03-11 18:28:37.060 +0300,,,,,,
1514,171,85,pm,t00171n000001,t00171n000001c0085,"50331769",,,,VARIABLE,85,NUMERIC,,,false,,false,,,,true,2026-03-11 18:28:37.060 +0300,,,,,,
1515,171,85,pm,t00171n000001,t00171n000001c0086,"50331770",,,,VARIABLE,86,NUMERIC,,,false,,false,,,,true,2026-03-11 18:28:37.060 +0300,,,,,,
1516,171,85,pm,t00171n000001,t00171n000001c0087,"50331771",,,,VARIABLE,87,NUMERIC,,,false,,false,,,,true,2026-03-11 18:28:37.060 +0300,,,,,,
1517,171,85,pm,t00171n000001,t00171n000001c0088,"50331772",,,,VARIABLE,88,NUMERIC,,,false,,false,,,,true,2026-03-11 18:28:37.060 +0300,,,,,,
1518,171,85,pm,t00171n000001,t00171n000001c0089,"50331773",,,,VARIABLE,89,NUMERIC,,,false,,false,,,,true,2026-03-11 18:28:37.060 +0300,,,,,,
1519,171,85,pm,t00171n000001,t00171n000001c0090,"50331774",,,,VARIABLE,90,NUMERIC,,,false,,false,,,,true,2026-03-11 18:28:37.060 +0300,,,,,,
1520,171,85,pm,t00171n000001,t00171n000001c0091,"50331775",,,,VARIABLE,91,NUMERIC,,,false,,false,,,,true,2026-03-11 18:28:37.060 +0300,,,,,,
1521,171,85,pm,t00171n000001,t00171n000001c0092,"50331776",,,,VARIABLE,92,NUMERIC,,,false,,false,,,,true,2026-03-11 18:28:37.060 +0300,,,,,,
1522,171,85,pm,t00171n000001,t00171n000001c0093,"50331777",,,,VARIABLE,93,NUMERIC,,,false,,false,,,,true,2026-03-11 18:28:37.060 +0300,,,,,,
1523,171,85,pm,t00171n000001,t00171n000001c0094,"50331778",,,,VARIABLE,94,NUMERIC,,,false,,false,,,,true,2026-03-11 18:28:37.060 +0300,,,,,,
1524,171,85,pm,t00171n000001,t00171n000001c0095,"50331779",,,,VARIABLE,95,NUMERIC,,,false,,false,,,,true,2026-03-11 18:28:37.060 +0300,,,,,,
1525,171,85,pm,t00171n000001,t00171n000001c0096,"50331780",,,,VARIABLE,96,NUMERIC,,,false,,false,,,,true,2026-03-11 18:28:37.060 +0300,,,,,,
1526,171,85,pm,t00171n000001,t00171n000001c0097,"50331781",,,,VARIABLE,97,NUMERIC,,,false,,false,,,,true,2026-03-11 18:28:37.060 +0300,,,,,,
1527,171,85,pm,t00171n000001,t00171n000001c0098,"50331782",,,,VARIABLE,98,NUMERIC,,,false,,false,,,,true,2026-03-11 18:28:37.060 +0300,,,,,,
1528,171,85,pm,t00171n000001,t00171n000001c0099,"50331783",,,,VARIABLE,99,NUMERIC,,,false,,false,,,,true,2026-03-11 18:28:37.060 +0300,,,,,,
1529,171,85,pm,t00171n000001,t00171n000001c0100,"50331784",,,,VARIABLE,100,NUMERIC,,,false,,false,,,,true,2026-03-11 18:28:37.060 +0300,,,,,,
1530,171,85,pm,t00171n000001,t00171n000001c0101,"50331785",,,,VARIABLE,101,NUMERIC,,,false,,false,,,,true,2026-03-11 18:28:37.060 +0300,,,,,,
1531,171,85,pm,t00171n000001,t00171n000001c0102,"50331786",,,,VARIABLE,102,NUMERIC,,,false,,false,,,,true,2026-03-11 18:28:37.060 +0300,,,,,,
1532,171,85,pm,t00171n000001,t00171n000001c0103,"50331787",,,,VARIABLE,103,NUMERIC,,,false,,false,,,,true,2026-03-11 18:28:37.060 +0300,,,,,,
1533,171,85,pm,t00171n000001,t00171n000001c0104,"50331788",,,,VARIABLE,104,NUMERIC,,,false,,false,,,,true,2026-03-11 18:28:37.060 +0300,,,,,,
1534,171,85,pm,t00171n000001,t00171n000001c0105,"50331789",,,,VARIABLE,105,NUMERIC,,,false,,false,,,,true,2026-03-11 18:28:37.060 +0300,,,,,,
1535,171,85,pm,t00171n000001,t00171n000001c0106,"50331790",,,,VARIABLE,106,NUMERIC,,,false,,false,,,,true,2026-03-11 18:28:37.060 +0300,,,,,,
1536,171,85,pm,t00171n000001,t00171n000001c0107,"50331791",,,,VARIABLE,107,NUMERIC,,,false,,false,,,,true,2026-03-11 18:28:37.060 +0300,,,,,,
1537,171,85,pm,t00171n000001,t00171n000001c0108,"50331792",,,,VARIABLE,108,NUMERIC,,,false,,false,,,,true,2026-03-11 18:28:37.060 +0300,,,,,,
1538,171,85,pm,t00171n000001,t00171n000001c0109,"50331793",,,,VARIABLE,109,NUMERIC,,,false,,false,,,,true,2026-03-11 18:28:37.060 +0300,,,,,,
1539,171,85,pm,t00171n000001,t00171n000001c0110,"50331794",,,,VARIABLE,110,NUMERIC,,,false,,false,,,,true,2026-03-11 18:28:37.060 +0300,,,,,,
1540,171,85,pm,t00171n000001,t00171n000001c0111,"50331795",,,,VARIABLE,111,NUMERIC,,,false,,false,,,,true,2026-03-11 18:28:37.060 +0300,,,,,,
1541,171,85,pm,t00171n000001,t00171n000001c0112,"50331796",,,,VARIABLE,112,NUMERIC,,,false,,false,,,,true,2026-03-11 18:28:37.060 +0300,,,,,,
1542,171,85,pm,t00171n000001,t00171n000001c0113,"50331797",,,,VARIABLE,113,NUMERIC,,,false,,false,,,,true,2026-03-11 18:28:37.060 +0300,,,,,,
1543,171,85,pm,t00171n000001,t00171n000001c0114,"50331798",,,,VARIABLE,114,NUMERIC,,,false,,false,,,,true,2026-03-11 18:28:37.060 +0300,,,,,,
1544,171,85,pm,t00171n000001,t00171n000001c0115,"50331799",,,,VARIABLE,115,NUMERIC,,,false,,false,,,,true,2026-03-11 18:28:37.060 +0300,,,,,,
1545,171,85,pm,t00171n000001,t00171n000001c0116,"50331800",,,,VARIABLE,116,NUMERIC,,,false,,false,,,,true,2026-03-11 18:28:37.060 +0300,,,,,,
1546,171,85,pm,t00171n000001,t00171n000001c0117,"50331801",,,,VARIABLE,117,NUMERIC,,,false,,false,,,,true,2026-03-11 18:28:37.060 +0300,,,,,,
1547,171,85,pm,t00171n000001,t00171n000001c0118,"50331802",,,,VARIABLE,118,NUMERIC,,,false,,false,,,,true,2026-03-11 18:28:37.060 +0300,,,,,,
1548,171,85,pm,t00171n000001,t00171n000001c0119,"50331803",,,,VARIABLE,119,NUMERIC,,,false,,false,,,,true,2026-03-11 18:28:37.060 +0300,,,,,,
1549,171,85,pm,t00171n000001,t00171n000001c0120,"50331804",,,,VARIABLE,120,NUMERIC,,,false,,false,,,,true,2026-03-11 18:28:37.060 +0300,,,,,,
1550,171,85,pm,t00171n000001,t00171n000001c0121,"50331805",,,,VARIABLE,121,NUMERIC,,,false,,false,,,,true,2026-03-11 18:28:37.060 +0300,,,,,,
1551,171,85,pm,t00171n000001,t00171n000001c0122,"50331806",,,,VARIABLE,122,NUMERIC,,,false,,false,,,,true,2026-03-11 18:28:37.060 +0300,,,,,,
1552,171,85,pm,t00171n000001,t00171n000001c0123,"50331807",,,,VARIABLE,123,NUMERIC,,,false,,false,,,,true,2026-03-11 18:28:37.060 +0300,,,,,,
1553,171,85,pm,t00171n000001,t00171n000001c0124,"50331808",,,,VARIABLE,124,NUMERIC,,,false,,false,,,,true,2026-03-11 18:28:37.060 +0300,,,,,,
1554,171,85,pm,t00171n000001,t00171n000001c0125,"50331809",,,,VARIABLE,125,NUMERIC,,,false,,false,,,,true,2026-03-11 18:28:37.060 +0300,,,,,,
1555,171,85,pm,t00171n000001,t00171n000001c0126,"50331810",,,,VARIABLE,126,NUMERIC,,,false,,false,,,,true,2026-03-11 18:28:37.060 +0300,,,,,,
1556,171,85,pm,t00171n000001,t00171n000001c0127,"50331811",,,,VARIABLE,127,NUMERIC,,,false,,false,,,,true,2026-03-11 18:28:37.060 +0300,,,,,,
1557,171,85,pm,t00171n000001,t00171n000001c0128,"50331812",,,,VARIABLE,128,NUMERIC,,,false,,false,,,,true,2026-03-11 18:28:37.060 +0300,,,,,,
1558,171,85,pm,t00171n000001,t00171n000001c0129,"50331813",,,,VARIABLE,129,NUMERIC,,,false,,false,,,,true,2026-03-11 18:28:37.060 +0300,,,,,,
1559,171,85,pm,t00171n000001,t00171n000001c0130,"50331814",,,,VARIABLE,130,NUMERIC,,,false,,false,,,,true,2026-03-11 18:28:37.060 +0300,,,,,,
1560,171,85,pm,t00171n000001,t00171n000001c0131,"50331815",,,,VARIABLE,131,NUMERIC,,,false,,false,,,,true,2026-03-11 18:28:37.060 +0300,,,,,,
1561,171,85,pm,t00171n000001,t00171n000001c0132,"50331816",,,,VARIABLE,132,NUMERIC,,,false,,false,,,,true,2026-03-11 18:28:37.060 +0300,,,,,,
1562,171,85,pm,t00171n000001,t00171n000001c0133,"50331817",,,,VARIABLE,133,NUMERIC,,,false,,false,,,,true,2026-03-11 18:28:37.060 +0300,,,,,,
1563,171,85,pm,t00171n000001,t00171n000001c0134,"50331818",,,,VARIABLE,134,NUMERIC,,,false,,false,,,,true,2026-03-11 18:28:37.060 +0300,,,,,,
1564,171,85,pm,t00171n000001,t00171n000001c0135,"50331819",,,,VARIABLE,135,NUMERIC,,,false,,false,,,,true,2026-03-11 18:28:37.060 +0300,,,,,,
1565,171,85,pm,t00171n000001,t00171n000001c0136,"50331820",,,,VARIABLE,136,NUMERIC,,,false,,false,,,,true,2026-03-11 18:28:37.060 +0300,,,,,,
1566,171,85,pm,t00171n000001,t00171n000001c0137,"50331821",,,,VARIABLE,137,NUMERIC,,,false,,false,,,,true,2026-03-11 18:28:37.060 +0300,,,,,,
1567,171,85,pm,t00171n000001,t00171n000001c0138,"50331822",,,,VARIABLE,138,NUMERIC,,,false,,false,,,,true,2026-03-11 18:28:37.060 +0300,,,,,,
1568,171,85,pm,t00171n000001,t00171n000001c0139,"50331823",,,,VARIABLE,139,NUMERIC,,,false,,false,,,,true,2026-03-11 18:28:37.060 +0300,,,,,,
1569,171,85,pm,t00171n000001,t00171n000001c0140,"50331838",,,,VARIABLE,140,NUMERIC,,,false,,false,,,,true,2026-03-11 18:28:37.060 +0300,,,,,,
1570,171,85,pm,t00171n000001,t00171n000001c0141,"50331839",,,,VARIABLE,141,NUMERIC,,,false,,false,,,,true,2026-03-11 18:28:37.060 +0300,,,,,,
1571,171,85,pm,t00171n000001,t00171n000001c0142,"50331840",,,,VARIABLE,142,NUMERIC,,,false,,false,,,,true,2026-03-11 18:28:37.060 +0300,,,,,,
1572,171,85,pm,t00171n000001,t00171n000001c0143,"50332168",,,,VARIABLE,143,NUMERIC,,,false,,false,,,,true,2026-03-11 18:28:37.060 +0300,,,,,,
1573,171,85,pm,t00171n000001,t00171n000001c0144,"50332169",,,,VARIABLE,144,NUMERIC,,,false,,false,,,,true,2026-03-11 18:28:37.060 +0300,,,,,,
1574,171,85,pm,t00171n000001,t00171n000001c0145,"50332170",,,,VARIABLE,145,NUMERIC,,,false,,false,,,,true,2026-03-11 18:28:37.060 +0300,,,,,,
1575,171,85,pm,t00171n000001,t00171n000001c0146,"50332173",,,,VARIABLE,146,NUMERIC,,,false,,false,,,,true,2026-03-11 18:28:37.060 +0300,,,,,,
1576,171,85,pm,t00171n000001,t00171n000001c0147,"50332174",,,,VARIABLE,147,NUMERIC,,,false,,false,,,,true,2026-03-11 18:28:37.060 +0300,,,,,,
1577,171,85,pm,t00171n000001,t00171n000001c0148,"50332215",,,,VARIABLE,148,NUMERIC,,,false,,false,,,,true,2026-03-11 18:28:37.060 +0300,,,,,,
1578,171,85,pm,t00171n000001,t00171n000001c0149,"50332216",,,,VARIABLE,149,NUMERIC,,,false,,false,,,,true,2026-03-11 18:28:37.060 +0300,,,,,,
1579,171,85,pm,t00171n000001,t00171n000001c0150,"50332217",,,,VARIABLE,150,NUMERIC,,,false,,false,,,,true,2026-03-11 18:28:37.060 +0300,,,,,,
1580,171,85,pm,t00171n000001,t00171n000001c0151,"50341648",,,,VARIABLE,151,NUMERIC,,,false,,false,,,,true,2026-03-11 18:28:37.060 +0300,,,,,,
1581,171,85,pm,t00171n000001,t00171n000001c0152,"50341649",,,,VARIABLE,152,NUMERIC,,,false,,false,,,,true,2026-03-11 18:28:37.060 +0300,,,,,,
1582,171,85,pm,t00171n000001,t00171n000001c0153,"50341650",,,,VARIABLE,153,NUMERIC,,,false,,false,,,,true,2026-03-11 18:28:37.060 +0300,,,,,,
1583,171,85,pm,t00171n000001,t00171n000001c0154,"50341651",,,,VARIABLE,154,NUMERIC,,,false,,false,,,,true,2026-03-11 18:28:37.060 +0300,,,,,,
1584,171,85,pm,t00171n000001,t00171n000001c0155,"50341652",,,,VARIABLE,155,NUMERIC,,,false,,false,,,,true,2026-03-11 18:28:37.060 +0300,,,,,,
1585,171,85,pm,t00171n000001,t00171n000001c0156,"50341653",,,,VARIABLE,156,NUMERIC,,,false,,false,,,,true,2026-03-11 18:28:37.060 +0300,,,,,,
1586,171,85,pm,t00171n000001,t00171n000001c0157,"50341654",,,,VARIABLE,157,NUMERIC,,,false,,false,,,,true,2026-03-11 18:28:37.060 +0300,,,,,,
1587,171,85,pm,t00171n000001,t00171n000001c0158,"50341655",,,,VARIABLE,158,NUMERIC,,,false,,false,,,,true,2026-03-11 18:28:37.060 +0300,,,,,,
1588,171,85,pm,t00171n000001,t00171n000001c0159,"50341656",,,,VARIABLE,159,NUMERIC,,,false,,false,,,,true,2026-03-11 18:28:37.060 +0300,,,,,,
1589,171,85,pm,t00171n000001,t00171n000001c0160,"50341657",,,,VARIABLE,160,NUMERIC,,,false,,false,,,,true,2026-03-11 18:28:37.060 +0300,,,,,,
1590,171,85,pm,t00171n000001,t00171n000001c0161,"50341658",,,,VARIABLE,161,NUMERIC,,,false,,false,,,,true,2026-03-11 18:28:37.060 +0300,,,,,,
1591,171,85,pm,t00171n000001,t00171n000001c0162,"50341659",,,,VARIABLE,162,NUMERIC,,,false,,false,,,,true,2026-03-11 18:28:37.060 +0300,,,,,,
1592,171,85,pm,t00171n000001,t00171n000001c0163,"50341660",,,,VARIABLE,163,NUMERIC,,,false,,false,,,,true,2026-03-11 18:28:37.061 +0300,,,,,,
1593,171,85,pm,t00171n000001,t00171n000001c0164,"50341661",,,,VARIABLE,164,NUMERIC,,,false,,false,,,,true,2026-03-11 18:28:37.061 +0300,,,,,,
1594,171,85,pm,t00171n000001,t00171n000001c0165,"50341662",,,,VARIABLE,165,NUMERIC,,,false,,false,,,,true,2026-03-11 18:28:37.061 +0300,,,,,,
1595,171,85,pm,t00171n000001,t00171n000001c0166,"50341663",,,,VARIABLE,166,NUMERIC,,,false,,false,,,,true,2026-03-11 18:28:37.061 +0300,,,,,,
1596,171,85,pm,t00171n000001,t00171n000001c0167,"50341664",,,,VARIABLE,167,NUMERIC,,,false,,false,,,,true,2026-03-11 18:28:37.061 +0300,,,,,,
1597,171,85,pm,t00171n000001,t00171n000001c0168,"50341665",,,,VARIABLE,168,NUMERIC,,,false,,false,,,,true,2026-03-11 18:28:37.061 +0300,,,,,,
1598,171,85,pm,t00171n000001,t00171n000001c0169,"50341666",,,,VARIABLE,169,NUMERIC,,,false,,false,,,,true,2026-03-11 18:28:37.061 +0300,,,,,,
1599,171,85,pm,t00171n000001,t00171n000001c0170,"50341667",,,,VARIABLE,170,NUMERIC,,,false,,false,,,,true,2026-03-11 18:28:37.061 +0300,,,,,,
1600,171,85,pm,t00171n000001,t00171n000001c0171,"50341668",,,,VARIABLE,171,NUMERIC,,,false,,false,,,,true,2026-03-11 18:28:37.061 +0300,,,,,,
1601,171,85,pm,t00171n000001,t00171n000001c0172,"50341669",,,,VARIABLE,172,NUMERIC,,,false,,false,,,,true,2026-03-11 18:28:37.061 +0300,,,,,,
1602,171,85,pm,t00171n000001,t00171n000001c0173,"50341670",,,,VARIABLE,173,NUMERIC,,,false,,false,,,,true,2026-03-11 18:28:37.061 +0300,,,,,,
1603,171,85,pm,t00171n000001,t00171n000001c0174,"50341671",,,,VARIABLE,174,NUMERIC,,,false,,false,,,,true,2026-03-11 18:28:37.061 +0300,,,,,,
1604,171,85,pm,t00171n000001,t00171n000001c0175,"50341672",,,,VARIABLE,175,NUMERIC,,,false,,false,,,,true,2026-03-11 18:28:37.061 +0300,,,,,,
1605,171,85,pm,t00171n000001,t00171n000001c0176,"50341673",,,,VARIABLE,176,NUMERIC,,,false,,false,,,,true,2026-03-11 18:28:37.061 +0300,,,,,,
1606,171,85,pm,t00171n000001,t00171n000001c0177,"50341674",,,,VARIABLE,177,NUMERIC,,,false,,false,,,,true,2026-03-11 18:28:37.061 +0300,,,,,,
1607,171,85,pm,t00171n000001,t00171n000001c0178,"50341675",,,,VARIABLE,178,NUMERIC,,,false,,false,,,,true,2026-03-11 18:28:37.061 +0300,,,,,,
1608,171,85,pm,t00171n000001,t00171n000001c0179,"50341676",,,,VARIABLE,179,NUMERIC,,,false,,false,,,,true,2026-03-11 18:28:37.061 +0300,,,,,,
1609,171,85,pm,t00171n000001,t00171n000001c0180,"50341677",,,,VARIABLE,180,NUMERIC,,,false,,false,,,,true,2026-03-11 18:28:37.061 +0300,,,,,,
1610,171,85,pm,t00171n000001,t00171n000001c0181,"50341678",,,,VARIABLE,181,NUMERIC,,,false,,false,,,,true,2026-03-11 18:28:37.061 +0300,,,,,,
1611,171,85,pm,t00171n000001,t00171n000001c0182,"50341679",,,,VARIABLE,182,NUMERIC,,,false,,false,,,,true,2026-03-11 18:28:37.061 +0300,,,,,,
1612,171,85,pm,t00171n000001,t00171n000001c0183,"50341680",,,,VARIABLE,183,NUMERIC,,,false,,false,,,,true,2026-03-11 18:28:37.061 +0300,,,,,,
1613,171,85,pm,t00171n000001,t00171n000001c0184,"50341681",,,,VARIABLE,184,NUMERIC,,,false,,false,,,,true,2026-03-11 18:28:37.061 +0300,,,,,,
1614,171,85,pm,t00171n000001,t00171n000001c0185,"50341682",,,,VARIABLE,185,NUMERIC,,,false,,false,,,,true,2026-03-11 18:28:37.061 +0300,,,,,,
1615,171,85,pm,t00171n000001,t00171n000001c0186,"50341683",,,,VARIABLE,186,NUMERIC,,,false,,false,,,,true,2026-03-11 18:28:37.061 +0300,,,,,,
1616,171,85,pm,t00171n000001,t00171n000001c0187,"50341684",,,,VARIABLE,187,NUMERIC,,,false,,false,,,,true,2026-03-11 18:28:37.061 +0300,,,,,,
1617,171,85,pm,t00171n000001,t00171n000001c0188,"50341685",,,,VARIABLE,188,NUMERIC,,,false,,false,,,,true,2026-03-11 18:28:37.061 +0300,,,,,,
1618,171,85,pm,t00171n000001,t00171n000001c0189,"50341686",,,,VARIABLE,189,NUMERIC,,,false,,false,,,,true,2026-03-11 18:28:37.061 +0300,,,,,,
1619,171,85,pm,t00171n000001,t00171n000001c0190,"50341687",,,,VARIABLE,190,NUMERIC,,,false,,false,,,,true,2026-03-11 18:28:37.061 +0300,,,,,,
1620,171,85,pm,t00171n000001,t00171n000001c0191,"50341688",,,,VARIABLE,191,NUMERIC,,,false,,false,,,,true,2026-03-11 18:28:37.061 +0300,,,,,,
1621,171,85,pm,t00171n000001,t00171n000001c0192,"50341689",,,,VARIABLE,192,NUMERIC,,,false,,false,,,,true,2026-03-11 18:28:37.061 +0300,,,,,,
1622,171,85,pm,t00171n000001,t00171n000001c0193,"50341690",,,,VARIABLE,193,NUMERIC,,,false,,false,,,,true,2026-03-11 18:28:37.061 +0300,,,,,,
1623,171,85,pm,t00171n000001,t00171n000001c0194,"50341691",,,,VARIABLE,194,NUMERIC,,,false,,false,,,,true,2026-03-11 18:28:37.061 +0300,,,,,,
1624,171,85,pm,t00171n000001,t00171n000001c0195,"50341692",,,,VARIABLE,195,NUMERIC,,,false,,false,,,,true,2026-03-11 18:28:37.061 +0300,,,,,,
1625,171,85,pm,t00171n000001,t00171n000001c0196,"50341693",,,,VARIABLE,196,NUMERIC,,,false,,false,,,,true,2026-03-11 18:28:37.061 +0300,,,,,,
1626,171,85,pm,t00171n000001,t00171n000001c0197,"50341694",,,,VARIABLE,197,NUMERIC,,,false,,false,,,,true,2026-03-11 18:28:37.061 +0300,,,,,,
1627,171,85,pm,t00171n000001,t00171n000001c0198,"50341695",,,,VARIABLE,198,NUMERIC,,,false,,false,,,,true,2026-03-11 18:28:37.061 +0300,,,,,,
1628,171,85,pm,t00171n000001,t00171n000001c0199,"50341696",,,,VARIABLE,199,NUMERIC,,,false,,false,,,,true,2026-03-11 18:28:37.061 +0300,,,,,,
1629,171,85,pm,t00171n000001,t00171n000001c0200,"50341697",,,,VARIABLE,200,NUMERIC,,,false,,false,,,,true,2026-03-11 18:28:37.061 +0300,,,,,,
1630,171,85,pm,t00171n000001,t00171n000001c0201,"50341698",,,,VARIABLE,201,NUMERIC,,,false,,false,,,,true,2026-03-11 18:28:37.061 +0300,,,,,,
1631,171,85,pm,t00171n000001,t00171n000001c0202,"50341699",,,,VARIABLE,202,NUMERIC,,,false,,false,,,,true,2026-03-11 18:28:37.061 +0300,,,,,,
1632,171,85,pm,t00171n000001,t00171n000001c0203,"50341700",,,,VARIABLE,203,NUMERIC,,,false,,false,,,,true,2026-03-11 18:28:37.061 +0300,,,,,,
1633,171,85,pm,t00171n000001,t00171n000001c0204,"50341701",,,,VARIABLE,204,NUMERIC,,,false,,false,,,,true,2026-03-11 18:28:37.061 +0300,,,,,,
1634,171,85,pm,t00171n000001,t00171n000001c0205,"50341702",,,,VARIABLE,205,NUMERIC,,,false,,false,,,,true,2026-03-11 18:28:37.061 +0300,,,,,,
1635,171,85,pm,t00171n000001,t00171n000001c0206,"50341703",,,,VARIABLE,206,NUMERIC,,,false,,false,,,,true,2026-03-11 18:28:37.061 +0300,,,,,,
1636,171,85,pm,t00171n000001,t00171n000001c0207,"50341704",,,,VARIABLE,207,NUMERIC,,,false,,false,,,,true,2026-03-11 18:28:37.061 +0300,,,,,,
1637,171,85,pm,t00171n000001,t00171n000001c0208,"50341705",,,,VARIABLE,208,NUMERIC,,,false,,false,,,,true,2026-03-11 18:28:37.061 +0300,,,,,,
1638,171,85,pm,t00171n000001,t00171n000001c0209,"50341706",,,,VARIABLE,209,NUMERIC,,,false,,false,,,,true,2026-03-11 18:28:37.061 +0300,,,,,,
1639,171,85,pm,t00171n000001,t00171n000001c0210,"50341707",,,,VARIABLE,210,NUMERIC,,,false,,false,,,,true,2026-03-11 18:28:37.061 +0300,,,,,,
1640,171,85,pm,t00171n000001,t00171n000001c0211,"50341708",,,,VARIABLE,211,NUMERIC,,,false,,false,,,,true,2026-03-11 18:28:37.061 +0300,,,,,,
1641,171,85,pm,t00171n000001,t00171n000001c0212,"50341709",,,,VARIABLE,212,NUMERIC,,,false,,false,,,,true,2026-03-11 18:28:37.061 +0300,,,,,,
1642,171,85,pm,t00171n000001,t00171n000001c0213,"50341710",,,,VARIABLE,213,NUMERIC,,,false,,false,,,,true,2026-03-11 18:28:37.061 +0300,,,,,,
1643,171,85,pm,t00171n000001,t00171n000001c0214,"50341711",,,,VARIABLE,214,NUMERIC,,,false,,false,,,,true,2026-03-11 18:28:37.061 +0300,,,,,,
1644,171,85,pm,t00171n000001,t00171n000001c0215,"50341712",,,,VARIABLE,215,NUMERIC,,,false,,false,,,,true,2026-03-11 18:28:37.061 +0300,,,,,,
1645,171,85,pm,t00171n000001,t00171n000001c0216,"50341713",,,,VARIABLE,216,NUMERIC,,,false,,false,,,,true,2026-03-11 18:28:37.061 +0300,,,,,,
1646,171,85,pm,t00171n000001,t00171n000001c0217,"50341714",,,,VARIABLE,217,NUMERIC,,,false,,false,,,,true,2026-03-11 18:28:37.061 +0300,,,,,,
1647,171,85,pm,t00171n000001,t00171n000001c0218,"50341715",,,,VARIABLE,218,NUMERIC,,,false,,false,,,,true,2026-03-11 18:28:37.061 +0300,,,,,,
1648,171,85,pm,t00171n000001,t00171n000001c0219,"50341716",,,,VARIABLE,219,NUMERIC,,,false,,false,,,,true,2026-03-11 18:28:37.061 +0300,,,,,,
1649,171,85,pm,t00171n000001,t00171n000001c0220,"50341717",,,,VARIABLE,220,NUMERIC,,,false,,false,,,,true,2026-03-11 18:28:37.061 +0300,,,,,,
1650,171,85,pm,t00171n000001,t00171n000001c0221,"50341722",,,,VARIABLE,221,NUMERIC,,,false,,false,,,,true,2026-03-11 18:28:37.061 +0300,,,,,,
1651,171,85,pm,t00171n000001,t00171n000001c0222,"50341739",,,,VARIABLE,222,NUMERIC,,,false,,false,,,,true,2026-03-11 18:28:37.061 +0300,,,,,,
1652,171,85,pm,t00171n000001,t00171n000001c0223,"50341740",,,,VARIABLE,223,NUMERIC,,,false,,false,,,,true,2026-03-11 18:28:37.061 +0300,,,,,,
1653,171,85,pm,t00171n000001,t00171n000001c0224,Granularity Period,,,,VARIABLE,224,NUMERIC,,,false,,false,,,,true,2026-03-11 18:28:37.061 +0300,,,,,,
1654,171,85,pm,t00171n000001,t00171n000001c0225,Object Name,,,,VARIABLE,225,NUMERIC,,,false,,false,,,,true,2026-03-11 18:28:37.061 +0300,,,,,,
1655,171,85,pm,t00171n000001,t00171n000001c0226,Reliability,,,,VARIABLE,226,NUMERIC,,,false,,false,,,,true,2026-03-11 18:28:37.061 +0300,,,,,,
1656,171,85,pm,t00171n000001,t00171n000001c0227,Result Time,,,,VARIABLE,227,NUMERIC,,,false,,false,,,,true,2026-03-11 18:28:37.061 +0300,,,,,,
1825,171,96,pm,t00171n000002,t00171n000002c0003,"50332578",,,,VARIABLE,3,NUMERIC,,,false,,false,,,,true,2026-03-12 13:11:43.921 +0300,,,,,,
1826,171,96,pm,t00171n000002,t00171n000002c0004,"50332579",,,,VARIABLE,4,NUMERIC,,,false,,false,,,,true,2026-03-12 13:11:43.921 +0300,,,,,,
1827,171,96,pm,t00171n000002,t00171n000002c0005,"50332580",,,,VARIABLE,5,NUMERIC,,,false,,false,,,,true,2026-03-12 13:11:43.921 +0300,,,,,,
1828,171,96,pm,t00171n000002,t00171n000002c0006,"50332581",,,,VARIABLE,6,NUMERIC,,,false,,false,,,,true,2026-03-12 13:11:43.921 +0300,,,,,,
1829,171,96,pm,t00171n000002,t00171n000002c0007,"50332673",,,,VARIABLE,7,NUMERIC,,,false,,false,,,,true,2026-03-12 13:11:43.921 +0300,,,,,,
1830,171,96,pm,t00171n000002,t00171n000002c0008,"50332674",,,,VARIABLE,8,NUMERIC,,,false,,false,,,,true,2026-03-12 13:11:43.921 +0300,,,,,,
1831,171,96,pm,t00171n000002,t00171n000002c0009,"50332675",,,,VARIABLE,9,NUMERIC,,,false,,false,,,,true,2026-03-12 13:11:43.921 +0300,,,,,,
1832,171,96,pm,t00171n000002,t00171n000002c0010,"50332676",,,,VARIABLE,10,NUMERIC,,,false,,false,,,,true,2026-03-12 13:11:43.921 +0300,,,,,,
1833,171,96,pm,t00171n000002,t00171n000002c0011,"50332677",,,,VARIABLE,11,NUMERIC,,,false,,false,,,,true,2026-03-12 13:11:43.921 +0300,,,,,,
1834,171,96,pm,t00171n000002,t00171n000002c0012,"50332678",,,,VARIABLE,12,NUMERIC,,,false,,false,,,,true,2026-03-12 13:11:43.921 +0300,,,,,,
1835,171,96,pm,t00171n000002,t00171n000002c0013,"50332679",,,,VARIABLE,13,NUMERIC,,,false,,false,,,,true,2026-03-12 13:11:43.921 +0300,,,,,,
1836,171,96,pm,t00171n000002,t00171n000002c0014,"50332680",,,,VARIABLE,14,NUMERIC,,,false,,false,,,,true,2026-03-12 13:11:43.921 +0300,,,,,,
1837,171,96,pm,t00171n000002,t00171n000002c0015,"50332681",,,,VARIABLE,15,NUMERIC,,,false,,false,,,,true,2026-03-12 13:11:43.921 +0300,,,,,,
1838,171,96,pm,t00171n000002,t00171n000002c0016,"50332682",,,,VARIABLE,16,NUMERIC,,,false,,false,,,,true,2026-03-12 13:11:43.921 +0300,,,,,,
1839,171,96,pm,t00171n000002,t00171n000002c0017,"50332683",,,,VARIABLE,17,NUMERIC,,,false,,false,,,,true,2026-03-12 13:11:43.921 +0300,,,,,,
1840,171,96,pm,t00171n000002,t00171n000002c0018,"50332684",,,,VARIABLE,18,NUMERIC,,,false,,false,,,,true,2026-03-12 13:11:43.921 +0300,,,,,,
1841,171,96,pm,t00171n000002,t00171n000002c0019,"50332685",,,,VARIABLE,19,NUMERIC,,,false,,false,,,,true,2026-03-12 13:11:43.921 +0300,,,,,,
1842,171,96,pm,t00171n000002,t00171n000002c0020,"50332686",,,,VARIABLE,20,NUMERIC,,,false,,false,,,,true,2026-03-12 13:11:43.921 +0300,,,,,,
1843,171,96,pm,t00171n000002,t00171n000002c0021,"50332687",,,,VARIABLE,21,NUMERIC,,,false,,false,,,,true,2026-03-12 13:11:43.921 +0300,,,,,,
1844,171,96,pm,t00171n000002,t00171n000002c0022,"50332688",,,,VARIABLE,22,NUMERIC,,,false,,false,,,,true,2026-03-12 13:11:43.921 +0300,,,,,,
1845,171,96,pm,t00171n000002,t00171n000002c0023,"50332689",,,,VARIABLE,23,NUMERIC,,,false,,false,,,,true,2026-03-12 13:11:43.921 +0300,,,,,,
1846,171,96,pm,t00171n000002,t00171n000002c0024,"50332690",,,,VARIABLE,24,NUMERIC,,,false,,false,,,,true,2026-03-12 13:11:43.921 +0300,,,,,,
1847,171,96,pm,t00171n000002,t00171n000002c0025,"50332691",,,,VARIABLE,25,NUMERIC,,,false,,false,,,,true,2026-03-12 13:11:43.921 +0300,,,,,,
1848,171,96,pm,t00171n000002,t00171n000002c0026,"50332692",,,,VARIABLE,26,NUMERIC,,,false,,false,,,,true,2026-03-12 13:11:43.921 +0300,,,,,,
1849,171,96,pm,t00171n000002,t00171n000002c0027,"50332693",,,,VARIABLE,27,NUMERIC,,,false,,false,,,,true,2026-03-12 13:11:43.921 +0300,,,,,,
1850,171,96,pm,t00171n000002,t00171n000002c0028,"50332694",,,,VARIABLE,28,NUMERIC,,,false,,false,,,,true,2026-03-12 13:11:43.921 +0300,,,,,,
1851,171,96,pm,t00171n000002,t00171n000002c0029,"50332695",,,,VARIABLE,29,NUMERIC,,,false,,false,,,,true,2026-03-12 13:11:43.921 +0300,,,,,,
1852,171,96,pm,t00171n000002,t00171n000002c0030,"50332696",,,,VARIABLE,30,NUMERIC,,,false,,false,,,,true,2026-03-12 13:11:43.921 +0300,,,,,,
1853,171,96,pm,t00171n000002,t00171n000002c0031,"50332697",,,,VARIABLE,31,NUMERIC,,,false,,false,,,,true,2026-03-12 13:11:43.921 +0300,,,,,,
1854,171,96,pm,t00171n000002,t00171n000002c0032,"50332698",,,,VARIABLE,32,NUMERIC,,,false,,false,,,,true,2026-03-12 13:11:43.921 +0300,,,,,,
1855,171,96,pm,t00171n000002,t00171n000002c0033,"50332699",,,,VARIABLE,33,NUMERIC,,,false,,false,,,,true,2026-03-12 13:11:43.921 +0300,,,,,,
1856,171,96,pm,t00171n000002,t00171n000002c0034,"50332700",,,,VARIABLE,34,NUMERIC,,,false,,false,,,,true,2026-03-12 13:11:43.921 +0300,,,,,,
1857,171,96,pm,t00171n000002,t00171n000002c0035,"50332701",,,,VARIABLE,35,NUMERIC,,,false,,false,,,,true,2026-03-12 13:11:43.921 +0300,,,,,,
1858,171,96,pm,t00171n000002,t00171n000002c0036,"50332702",,,,VARIABLE,36,NUMERIC,,,false,,false,,,,true,2026-03-12 13:11:43.921 +0300,,,,,,
1859,171,96,pm,t00171n000002,t00171n000002c0037,"50332703",,,,VARIABLE,37,NUMERIC,,,false,,false,,,,true,2026-03-12 13:11:43.921 +0300,,,,,,
1860,171,96,pm,t00171n000002,t00171n000002c0038,"50332704",,,,VARIABLE,38,NUMERIC,,,false,,false,,,,true,2026-03-12 13:11:43.921 +0300,,,,,,
1861,171,96,pm,t00171n000002,t00171n000002c0039,"50332705",,,,VARIABLE,39,NUMERIC,,,false,,false,,,,true,2026-03-12 13:11:43.921 +0300,,,,,,
1862,171,96,pm,t00171n000002,t00171n000002c0040,"50332706",,,,VARIABLE,40,NUMERIC,,,false,,false,,,,true,2026-03-12 13:11:43.921 +0300,,,,,,
1863,171,96,pm,t00171n000002,t00171n000002c0041,"50332707",,,,VARIABLE,41,NUMERIC,,,false,,false,,,,true,2026-03-12 13:11:43.921 +0300,,,,,,
1864,171,96,pm,t00171n000002,t00171n000002c0042,"50332708",,,,VARIABLE,42,NUMERIC,,,false,,false,,,,true,2026-03-12 13:11:43.921 +0300,,,,,,
1865,171,96,pm,t00171n000002,t00171n000002c0043,"50332709",,,,VARIABLE,43,NUMERIC,,,false,,false,,,,true,2026-03-12 13:11:43.921 +0300,,,,,,
1866,171,96,pm,t00171n000002,t00171n000002c0044,"50332710",,,,VARIABLE,44,NUMERIC,,,false,,false,,,,true,2026-03-12 13:11:43.921 +0300,,,,,,
1867,171,96,pm,t00171n000002,t00171n000002c0045,"50332711",,,,VARIABLE,45,NUMERIC,,,false,,false,,,,true,2026-03-12 13:11:43.921 +0300,,,,,,
1868,171,96,pm,t00171n000002,t00171n000002c0046,"50332712",,,,VARIABLE,46,NUMERIC,,,false,,false,,,,true,2026-03-12 13:11:43.921 +0300,,,,,,
1869,171,96,pm,t00171n000002,t00171n000002c0047,"50332713",,,,VARIABLE,47,NUMERIC,,,false,,false,,,,true,2026-03-12 13:11:43.921 +0300,,,,,,
1870,171,96,pm,t00171n000002,t00171n000002c0048,"50332714",,,,VARIABLE,48,NUMERIC,,,false,,false,,,,true,2026-03-12 13:11:43.922 +0300,,,,,,
1871,171,96,pm,t00171n000002,t00171n000002c0049,"50332715",,,,VARIABLE,49,NUMERIC,,,false,,false,,,,true,2026-03-12 13:11:43.922 +0300,,,,,,
1872,171,96,pm,t00171n000002,t00171n000002c0050,"50332716",,,,VARIABLE,50,NUMERIC,,,false,,false,,,,true,2026-03-12 13:11:43.922 +0300,,,,,,
1873,171,96,pm,t00171n000002,t00171n000002c0051,"50332717",,,,VARIABLE,51,NUMERIC,,,false,,false,,,,true,2026-03-12 13:11:43.922 +0300,,,,,,
1874,171,96,pm,t00171n000002,t00171n000002c0052,"50332718",,,,VARIABLE,52,NUMERIC,,,false,,false,,,,true,2026-03-12 13:11:43.922 +0300,,,,,,
1875,171,96,pm,t00171n000002,t00171n000002c0053,"50332719",,,,VARIABLE,53,NUMERIC,,,false,,false,,,,true,2026-03-12 13:11:43.922 +0300,,,,,,
1876,171,96,pm,t00171n000002,t00171n000002c0054,"50332720",,,,VARIABLE,54,NUMERIC,,,false,,false,,,,true,2026-03-12 13:11:43.922 +0300,,,,,,
1877,171,96,pm,t00171n000002,t00171n000002c0055,"50332721",,,,VARIABLE,55,NUMERIC,,,false,,false,,,,true,2026-03-12 13:11:43.922 +0300,,,,,,
1878,171,96,pm,t00171n000002,t00171n000002c0056,"50332722",,,,VARIABLE,56,NUMERIC,,,false,,false,,,,true,2026-03-12 13:11:43.922 +0300,,,,,,
1879,171,96,pm,t00171n000002,t00171n000002c0057,"50332723",,,,VARIABLE,57,NUMERIC,,,false,,false,,,,true,2026-03-12 13:11:43.922 +0300,,,,,,
1880,171,96,pm,t00171n000002,t00171n000002c0058,"50332724",,,,VARIABLE,58,NUMERIC,,,false,,false,,,,true,2026-03-12 13:11:43.922 +0300,,,,,,
1881,171,96,pm,t00171n000002,t00171n000002c0059,"50332725",,,,VARIABLE,59,NUMERIC,,,false,,false,,,,true,2026-03-12 13:11:43.922 +0300,,,,,,
1882,171,96,pm,t00171n000002,t00171n000002c0060,"50332726",,,,VARIABLE,60,NUMERIC,,,false,,false,,,,true,2026-03-12 13:11:43.922 +0300,,,,,,
1883,171,96,pm,t00171n000002,t00171n000002c0061,"50332727",,,,VARIABLE,61,NUMERIC,,,false,,false,,,,true,2026-03-12 13:11:43.922 +0300,,,,,,
1884,171,96,pm,t00171n000002,t00171n000002c0062,"50332728",,,,VARIABLE,62,NUMERIC,,,false,,false,,,,true,2026-03-12 13:11:43.922 +0300,,,,,,
1885,171,96,pm,t00171n000002,t00171n000002c0063,"50332729",,,,VARIABLE,63,NUMERIC,,,false,,false,,,,true,2026-03-12 13:11:43.922 +0300,,,,,,
1886,171,96,pm,t00171n000002,t00171n000002c0064,"50332730",,,,VARIABLE,64,NUMERIC,,,false,,false,,,,true,2026-03-12 13:11:43.922 +0300,,,,,,
1887,171,96,pm,t00171n000002,t00171n000002c0065,"50332731",,,,VARIABLE,65,NUMERIC,,,false,,false,,,,true,2026-03-12 13:11:43.922 +0300,,,,,,
1888,171,96,pm,t00171n000002,t00171n000002c0066,"50332732",,,,VARIABLE,66,NUMERIC,,,false,,false,,,,true,2026-03-12 13:11:43.922 +0300,,,,,,
1889,171,96,pm,t00171n000002,t00171n000002c0067,"50332733",,,,VARIABLE,67,NUMERIC,,,false,,false,,,,true,2026-03-12 13:11:43.922 +0300,,,,,,
1890,171,96,pm,t00171n000002,t00171n000002c0068,"50332734",,,,VARIABLE,68,NUMERIC,,,false,,false,,,,true,2026-03-12 13:11:43.922 +0300,,,,,,
1891,171,96,pm,t00171n000002,t00171n000002c0069,"50332735",,,,VARIABLE,69,NUMERIC,,,false,,false,,,,true,2026-03-12 13:11:43.922 +0300,,,,,,
1892,171,96,pm,t00171n000002,t00171n000002c0070,"50332736",,,,VARIABLE,70,NUMERIC,,,false,,false,,,,true,2026-03-12 13:11:43.922 +0300,,,,,,
1893,171,96,pm,t00171n000002,t00171n000002c0071,"50332737",,,,VARIABLE,71,NUMERIC,,,false,,false,,,,true,2026-03-12 13:11:43.922 +0300,,,,,,
1894,171,96,pm,t00171n000002,t00171n000002c0072,"50332738",,,,VARIABLE,72,NUMERIC,,,false,,false,,,,true,2026-03-12 13:11:43.922 +0300,,,,,,
1895,171,96,pm,t00171n000002,t00171n000002c0073,"50332739",,,,VARIABLE,73,NUMERIC,,,false,,false,,,,true,2026-03-12 13:11:43.922 +0300,,,,,,
1896,171,96,pm,t00171n000002,t00171n000002c0074,"50332740",,,,VARIABLE,74,NUMERIC,,,false,,false,,,,true,2026-03-12 13:11:43.922 +0300,,,,,,
1897,171,96,pm,t00171n000002,t00171n000002c0075,"50332741",,,,VARIABLE,75,NUMERIC,,,false,,false,,,,true,2026-03-12 13:11:43.922 +0300,,,,,,
1898,171,96,pm,t00171n000002,t00171n000002c0076,"50332742",,,,VARIABLE,76,NUMERIC,,,false,,false,,,,true,2026-03-12 13:11:43.922 +0300,,,,,,
1899,171,96,pm,t00171n000002,t00171n000002c0077,"50332743",,,,VARIABLE,77,NUMERIC,,,false,,false,,,,true,2026-03-12 13:11:43.922 +0300,,,,,,
1900,171,96,pm,t00171n000002,t00171n000002c0078,"50332744",,,,VARIABLE,78,NUMERIC,,,false,,false,,,,true,2026-03-12 13:11:43.922 +0300,,,,,,
1901,171,96,pm,t00171n000002,t00171n000002c0079,"50332745",,,,VARIABLE,79,NUMERIC,,,false,,false,,,,true,2026-03-12 13:11:43.922 +0300,,,,,,
1902,171,96,pm,t00171n000002,t00171n000002c0080,"50332746",,,,VARIABLE,80,NUMERIC,,,false,,false,,,,true,2026-03-12 13:11:43.922 +0300,,,,,,
1903,171,96,pm,t00171n000002,t00171n000002c0081,"50332747",,,,VARIABLE,81,NUMERIC,,,false,,false,,,,true,2026-03-12 13:11:43.922 +0300,,,,,,
1904,171,96,pm,t00171n000002,t00171n000002c0082,"50332748",,,,VARIABLE,82,NUMERIC,,,false,,false,,,,true,2026-03-12 13:11:43.922 +0300,,,,,,
1905,171,96,pm,t00171n000002,t00171n000002c0083,"50332749",,,,VARIABLE,83,NUMERIC,,,false,,false,,,,true,2026-03-12 13:11:43.922 +0300,,,,,,
1906,171,96,pm,t00171n000002,t00171n000002c0084,"50332750",,,,VARIABLE,84,NUMERIC,,,false,,false,,,,true,2026-03-12 13:11:43.922 +0300,,,,,,
1907,171,96,pm,t00171n000002,t00171n000002c0085,"50332751",,,,VARIABLE,85,NUMERIC,,,false,,false,,,,true,2026-03-12 13:11:43.922 +0300,,,,,,
1908,171,96,pm,t00171n000002,t00171n000002c0086,"50332752",,,,VARIABLE,86,NUMERIC,,,false,,false,,,,true,2026-03-12 13:11:43.922 +0300,,,,,,
1909,171,96,pm,t00171n000002,t00171n000002c0087,"50332753",,,,VARIABLE,87,NUMERIC,,,false,,false,,,,true,2026-03-12 13:11:43.922 +0300,,,,,,
1910,171,96,pm,t00171n000002,t00171n000002c0088,"50332754",,,,VARIABLE,88,NUMERIC,,,false,,false,,,,true,2026-03-12 13:11:43.922 +0300,,,,,,
1911,171,96,pm,t00171n000002,t00171n000002c0089,"50332755",,,,VARIABLE,89,NUMERIC,,,false,,false,,,,true,2026-03-12 13:11:43.922 +0300,,,,,,
1912,171,96,pm,t00171n000002,t00171n000002c0090,"50332756",,,,VARIABLE,90,NUMERIC,,,false,,false,,,,true,2026-03-12 13:11:43.922 +0300,,,,,,
1913,171,96,pm,t00171n000002,t00171n000002c0091,"50332757",,,,VARIABLE,91,NUMERIC,,,false,,false,,,,true,2026-03-12 13:11:43.922 +0300,,,,,,
1914,171,96,pm,t00171n000002,t00171n000002c0092,"50332758",,,,VARIABLE,92,NUMERIC,,,false,,false,,,,true,2026-03-12 13:11:43.922 +0300,,,,,,
1915,171,96,pm,t00171n000002,t00171n000002c0093,"50332759",,,,VARIABLE,93,NUMERIC,,,false,,false,,,,true,2026-03-12 13:11:43.922 +0300,,,,,,
1916,171,96,pm,t00171n000002,t00171n000002c0094,"50332760",,,,VARIABLE,94,NUMERIC,,,false,,false,,,,true,2026-03-12 13:11:43.922 +0300,,,,,,
1917,171,96,pm,t00171n000002,t00171n000002c0095,"50332761",,,,VARIABLE,95,NUMERIC,,,false,,false,,,,true,2026-03-12 13:11:43.922 +0300,,,,,,
1918,171,96,pm,t00171n000002,t00171n000002c0096,"50332762",,,,VARIABLE,96,NUMERIC,,,false,,false,,,,true,2026-03-12 13:11:43.922 +0300,,,,,,
1919,171,96,pm,t00171n000002,t00171n000002c0097,"50332763",,,,VARIABLE,97,NUMERIC,,,false,,false,,,,true,2026-03-12 13:11:43.922 +0300,,,,,,
1920,171,96,pm,t00171n000002,t00171n000002c0098,"50332764",,,,VARIABLE,98,NUMERIC,,,false,,false,,,,true,2026-03-12 13:11:43.922 +0300,,,,,,
1921,171,96,pm,t00171n000002,t00171n000002c0099,"50332765",,,,VARIABLE,99,NUMERIC,,,false,,false,,,,true,2026-03-12 13:11:43.922 +0300,,,,,,
1922,171,96,pm,t00171n000002,t00171n000002c0100,"50332766",,,,VARIABLE,100,NUMERIC,,,false,,false,,,,true,2026-03-12 13:11:43.922 +0300,,,,,,
1923,171,96,pm,t00171n000002,t00171n000002c0101,"50332767",,,,VARIABLE,101,NUMERIC,,,false,,false,,,,true,2026-03-12 13:11:43.922 +0300,,,,,,
1924,171,96,pm,t00171n000002,t00171n000002c0102,"50332768",,,,VARIABLE,102,NUMERIC,,,false,,false,,,,true,2026-03-12 13:11:43.922 +0300,,,,,,
1925,171,96,pm,t00171n000002,t00171n000002c0103,"50332769",,,,VARIABLE,103,NUMERIC,,,false,,false,,,,true,2026-03-12 13:11:43.922 +0300,,,,,,
1926,171,96,pm,t00171n000002,t00171n000002c0104,"50332770",,,,VARIABLE,104,NUMERIC,,,false,,false,,,,true,2026-03-12 13:11:43.922 +0300,,,,,,
1927,171,96,pm,t00171n000002,t00171n000002c0105,"50342578",,,,VARIABLE,105,NUMERIC,,,false,,false,,,,true,2026-03-12 13:11:43.922 +0300,,,,,,
1928,171,96,pm,t00171n000002,t00171n000002c0106,"50342579",,,,VARIABLE,106,NUMERIC,,,false,,false,,,,true,2026-03-12 13:11:43.922 +0300,,,,,,
1929,171,96,pm,t00171n000002,t00171n000002c0107,"50342580",,,,VARIABLE,107,NUMERIC,,,false,,false,,,,true,2026-03-12 13:11:43.922 +0300,,,,,,
1930,171,96,pm,t00171n000002,t00171n000002c0108,"50342581",,,,VARIABLE,108,NUMERIC,,,false,,false,,,,true,2026-03-12 13:11:43.922 +0300,,,,,,
1931,171,96,pm,t00171n000002,t00171n000002c0109,Granularity Period,,,,VARIABLE,109,NUMERIC,,,false,,false,,,,true,2026-03-12 13:11:43.922 +0300,,,,,,
1932,171,96,pm,t00171n000002,t00171n000002c0110,Object Name,,,,VARIABLE,110,NUMERIC,,,false,,false,,,,true,2026-03-12 13:11:43.922 +0300,,,,,,
1933,171,96,pm,t00171n000002,t00171n000002c0111,Reliability,,,,VARIABLE,111,NUMERIC,,,false,,false,,,,true,2026-03-12 13:11:43.922 +0300,,,,,,
1934,171,96,pm,t00171n000002,t00171n000002c0112,Result Time,,,,VARIABLE,112,NUMERIC,,,false,,false,,,,true,2026-03-12 13:11:43.922 +0300,,,,,,
1432,171,85,pm,t00171n000001,t00171n000001c0003,"50331654",,,,VARIABLE,3,NUMERIC,,,false,,false,,,,true,2026-03-11 18:28:37.060 +0300,,,,,,
1433,171,85,pm,t00171n000001,t00171n000001c0004,"50331655",,,,VARIABLE,4,NUMERIC,,,false,,false,,,,true,2026-03-11 18:28:37.060 +0300,,,,,,
1434,171,85,pm,t00171n000001,t00171n000001c0005,"50331656",,,,VARIABLE,5,NUMERIC,,,false,,false,,,,true,2026-03-11 18:28:37.060 +0300,,,,,,
